FilingDate,PeriodEnd,AmortizationOfIntangibleAssets,BusinessCombinationBargainPurchaseGainRecognizedAmount,CashAndCashEquivalentsAtCarryingValue,CashAndCashEquivalentsPeriodIncreaseDecrease,CashAndDueFromBanks,CashCashEquivalentsRestrictedCashAndRestrictedCashEquivalents,CashCashEquivalentsRestrictedCashAndRestrictedCashEquivalentsPeriodIncreaseDecreaseIncludingExchangeRateEffect,DeferredIncomeTaxExpenseBenefit,DepreciationAmortizationAndAccretionNet,EffectOfExchangeRateOnCashAndCashEquivalents,EffectOfExchangeRateOnCashCashEquivalentsRestrictedCashAndRestrictedCashEquivalents,EquitySecuritiesGainLossOnShareExchange,ExcessTaxBenefitFromShareBasedCompensationFinancingActivities,GainLossOnInvestments,IncomeTaxesPaid,IncomeTaxesPaidNet,IncreaseDecreaseInAccountsPayableAndOtherLiabilities,IncreaseDecreaseInAccruedInterestsAndAccountsReceivable,IncreaseDecreaseInAssetBackedCommercialPaper,IncreaseDecreaseInBeneficialInterestsIssuedByConsolidatedVariableInterestEntities,IncreaseDecreaseInCashCollateralForBorrowedSecurities,IncreaseDecreaseInDeposits,IncreaseDecreaseInFederalFundsPurchasedAndSecuritiesSoldUnderAgreementsToRepurchaseNet,IncreaseDecreaseInFinancialInstrumentsUsedInOperatingActivities,IncreaseDecreaseInPrepaidDeferredExpenseAndOtherAssets,IncreaseDecreaseInTradingLiabilities,InterestPaid,InterestPaidNet,NetCashProvidedByUsedInFinancingActivities,NetCashProvidedByUsedInInvestingActivities,NetCashProvidedByUsedInOperatingActivities,NetIncomeLoss,OtherNoncashIncomeExpense,OtherOperatingActivitiesCashFlowStatement,PaymentsForOriginationAndPurchasesOfLoansHeldForSale,PaymentsForProceedsFromBusinessesAndInterestInAffiliates,PaymentsForProceedsFromLoansAndLeases,PaymentsForProceedsFromOtherInvestingActivities,PaymentsForRepurchaseOfCommonStock,PaymentsForRepurchaseOfCommonStockAndWarrants,PaymentsForRepurchaseOfRedeemablePreferredStock,PaymentsForRepurchaseOfRedeemablePreferredStockIssuedToUsTreasury,PaymentsOfDividends,PaymentsToAcquireAvailableForSaleSecurities,PaymentsToAcquireAvailableForSaleSecuritiesDebt,PaymentsToAcquireBusinessesNetOfCashAcquired,PaymentsToAcquireHeldToMaturitySecurities,PaymentsforOtherLoansandLeases,ProceedsFromIssuanceOfCommonStock,ProceedsFromIssuanceOfLongTermDebtAndCapitalSecuritiesNet,ProceedsFromIssuanceOfPreferredStockAndPreferenceStock,ProceedsFromMaturitiesPrepaymentsAndCallsOfAvailableForSaleSecurities,ProceedsFromMaturitiesPrepaymentsAndCallsOfHeldToMaturitySecurities,ProceedsFromPaymentsForFederalFundsSoldAndSecuritiesPurchasedUnderAgreementsToResellNet,ProceedsFromPaymentsForInInterestBearingDepositsInBanks,ProceedsFromPaymentsForOtherFinancingActivities,ProceedsFromPaymentsForOtherLoansAndLeases,ProceedsFromRepaymentsOfOtherDebt,ProceedsFromRepaymentsOfShortTermDebt,ProceedsFromSaleOfAvailableForSaleSecurities,ProceedsFromSaleOfAvailableForSaleSecuritiesDebt,ProceedsFromSaleOfFinanceReceivables,ProceedsFromSaleOfLoansAndLeasesHeldForInvestment,ProceedsFromSalesSecuritizationsAndPaydownsOfLoansHeldForSale,ProceedsFromShortTermDebt,ProvisionForLoanLeaseAndOtherLosses,ProvisionForLoanLeaseAndOtherLossesExcludingAccountingPolicyConformity,RepaymentsOfLongTermDebtAndCapitalSecurities,RepaymentsOfShortTermDebt,ShareBasedCompensation,StockRedeemedOrCalledDuringPeriodValue
2012-02-29,2008-12-31,,,,,26895000000,,,,,,,,,,,,,,,,,,,,,,,,,,,,,,,,,,,,,,,,,,,,,,,,,,,,,,,,,,,,,,,,,,
2012-02-29,2009-12-31,1050000000,,,-689000000,26206000000,,,-3622000000,3308000000,238000000,,,17000000,1110000000,5434000000,,-26450000000,6312000000,-11228000000,-4076000000,-4452000000,-107700000000,67785000000,-133488000000,-32557000000,-79314000000,16875000000,,-153079000000,29355000000,122797000000,11728000000,,6167000000,22417000000,97000000,-50651000000,762000000,,0,,25000000000,3422000000,346372000000,,,,,5756000000,51324000000,,87712000000,9000000,7082000000,74829000000,-2124000000,,-67198000000,,114041000000,,,31034000000,33902000000,,,32015000000,68441000000,,3355000000,0
2012-02-29,2010-12-31,936000000,,,1361000000,27567000000,,,-968000000,4029000000,328000000,,,26000000,2965000000,9747000000,,17325000000,-443000000,0,2426000000,3926000000,-9637000000,15202000000,72082000000,12452000000,19344000000,12404000000,,-49217000000,54002000000,-3752000000,17370000000,,6234000000,37085000000,4910000000,-3022000000,114000000,,2999000000,,0,1486000000,179487000000,,,,,0,55181000000,,92740000000,7000000,-26957000000,41625000000,-1666000000,,-6869000000,,118600000000,,,9476000000,40155000000,,,16639000000,99043000000,,3251000000,352000000
2012-02-29,2011-12-31,848000000,,,32035000000,59602000000,,,1693000000,4257000000,-851000000,,,867000000,1593000000,8153000000,,35203000000,-8655000000,0,1165000000,18936000000,203420000000,-63116000000,-36443000000,15456000000,7905000000,13725000000,,107706000000,-170752000000,95932000000,18976000000,,6157000000,52561000000,-102000000,58365000000,63000000,,8863000000,,0,3895000000,202309000000,,,,,0,54844000000,,86850000000,6000000,-12490000000,-63592000000,-1868000000,,7230000000,,68631000000,,,10478000000,54092000000,,,7574000000,82078000000,,2675000000,0
2013-02-28,2009-12-31,,,,,26206000000,,,,,,,,,,,,,,,,,,,,,,,,,,,,,,,,,,,,,,,,,,,,,,,,,,,,,,,,,,,,,,,,,,
2013-02-28,2010-12-31,936000000,,,1361000000,27567000000,,,-968000000,4029000000,328000000,,,26000000,2965000000,9747000000,,17325000000,-443000000,,2426000000,3926000000,-9637000000,15202000000,72082000000,12452000000,19344000000,12404000000,,-49217000000,54002000000,-3752000000,17370000000,,6234000000,37085000000,4910000000,-3022000000,114000000,,2999000000,,,1486000000,179487000000,,,,,,55181000000,0,92740000000,7000000,-26957000000,41625000000,-1666000000,,-6869000000,,118600000000,,,9476000000,40155000000,,16639000000,,99043000000,,3251000000,352000000
2013-02-28,2011-12-31,848000000,,,32035000000,59602000000,,,1693000000,4257000000,-851000000,,,867000000,1593000000,8153000000,,35203000000,-8655000000,,1165000000,18936000000,203420000000,-63116000000,-36443000000,15456000000,7905000000,13725000000,,107706000000,-170752000000,95932000000,18976000000,,6157000000,52561000000,-102000000,58365000000,63000000,,8863000000,,,3895000000,202309000000,,,,,,54844000000,0,86850000000,6000000,-12490000000,-63592000000,-1868000000,,7230000000,,68631000000,,,10478000000,54092000000,,7574000000,,82078000000,,2675000000,0
2013-02-28,2012-12-31,957000000,,,-5879000000,53723000000,,,1130000000,4190000000,1160000000,,,255000000,2110000000,2050000000,,-13069000000,-1732000000,,345000000,-23455000000,67250000000,26546000000,5379000000,4683000000,-3921000000,11161000000,,87707000000,-119825000000,25079000000,21284000000,,-3613000000,34026000000,-88000000,30491000000,3400000000,,1653000000,,,5194000000,189630000000,,,,,,86271000000,1234000000,112633000000,4000000,-60821000000,-36595000000,-189000000,,9315000000,,81957000000,,,6430000000,33202000000,,3385000000,,96473000000,,2545000000,0
2014-02-19,2010-12-31,,,,,27567000000,,,,,,,,,,,,,,,,,,,,,,,,,,,,,,,,,,,,,,,,,,,,,,,,,,,,,,,,,,,,,,,,,,
2014-02-19,2011-12-31,848000000,,,32035000000,59602000000,,,1693000000,4257000000,-851000000,,,867000000,1593000000,8153000000,,35203000000,-8655000000,,1165000000,18936000000,203420000000,-63116000000,-36443000000,15456000000,7905000000,13725000000,,107706000000,-170752000000,95932000000,18976000000,,6157000000,52561000000,-102000000,58365000000,63000000,,8863000000,0,,3895000000,202309000000,,,0,,,54844000000,0,86850000000,6000000,-12490000000,-63592000000,-1868000000,,7230000000,,68631000000,,,10478000000,54092000000,,7574000000,,82078000000,,2675000000,
2014-02-19,2012-12-31,957000000,,,-5879000000,53723000000,,,1130000000,4190000000,1160000000,,,255000000,2110000000,2050000000,,-13069000000,-1732000000,,345000000,-23455000000,67250000000,26546000000,5379000000,4683000000,-3921000000,11161000000,,87707000000,-119825000000,25079000000,21284000000,,-3613000000,34026000000,-88000000,30491000000,3400000000,,1653000000,0,,5194000000,189630000000,,,0,,,86271000000,1234000000,112633000000,4000000,-60821000000,-36595000000,-189000000,,9315000000,,81957000000,,,6430000000,33202000000,,3385000000,,96473000000,,2545000000,
2014-02-19,2013-12-31,637000000,,,-13952000000,39771000000,,,8003000000,4669000000,272000000,,,137000000,667000000,3502000000,,-5743000000,2340000000,,-10433000000,-7562000000,81476000000,-58867000000,-89110000000,-526000000,-9772000000,9573000000,,28324000000,-150501000000,107953000000,17923000000,,-2037000000,75928000000,149000000,23721000000,679000000,,4789000000,1800000000,,6056000000,130266000000,,,24214000000,,,83546000000,3873000000,89631000000,189000000,47726000000,-194363000000,-1050000000,,2784000000,,73312000000,,,12033000000,73566000000,,225000000,,60497000000,,2219000000,
2015-02-24,2011-12-31,,,,,59602000000,,,,,,,,,,,,,,,,,,,,,,,,,,,,,,,,,,,,,,,,,,,,,,,,,,,,,,,,,,,,,,,,,,
2015-02-24,2012-12-31,,,,-5879000000,53723000000,,,1130000000,5147000000,1160000000,,,255000000,2110000000,,2050000000,-13069000000,-1732000000,,345000000,-23455000000,67250000000,26546000000,5379000000,4683000000,-3921000000,11161000000,,87707000000,-119825000000,25079000000,21284000000,,-3613000000,34026000000,-88000000,30491000000,3400000000,,1653000000,0,,5194000000,189630000000,,,0,,,86271000000,1234000000,112633000000,4000000,-60821000000,-36595000000,-189000000,,9315000000,,81957000000,,,6430000000,33202000000,,3385000000,,96473000000,,2545000000,
2015-02-24,2013-12-31,,,,-13952000000,39771000000,,,8003000000,5306000000,272000000,,,137000000,667000000,,3502000000,-5743000000,2340000000,,-10433000000,-7562000000,81476000000,-58867000000,-89110000000,-526000000,-9772000000,9573000000,,28324000000,-150501000000,107953000000,17923000000,,-2037000000,75928000000,149000000,23721000000,679000000,,4789000000,1800000000,,6056000000,130266000000,,,24214000000,,,83546000000,3873000000,89631000000,189000000,47726000000,-194363000000,-1050000000,,2784000000,,73312000000,,,12033000000,73566000000,,225000000,,60497000000,,2219000000,
2015-02-24,2014-12-31,,,,-11940000000,27831000000,,,4210000000,4759000000,-1125000000,,,407000000,77000000,,1392000000,6065000000,3637000000,,-834000000,-1020000000,89346000000,10905000000,24814000000,9166000000,26818000000,8194000000,,118228000000,-165636000000,36593000000,21762000000,,442000000,67525000000,-843000000,51749000000,-1338000000,,4760000000,0,,6990000000,121504000000,,,10345000000,,,78515000000,8847000000,90664000000,4169000000,30848000000,-168426000000,-1175000000,,9242000000,,38411000000,,,20115000000,71407000000,,3139000000,,65275000000,,2190000000,
2016-02-23,2012-12-31,,,,,53723000000,,,,,,,,,,,,,,,,,,,,,,,,,,,,,,,,,,,,,,,,,,,,,,,,,,,,,,,,,,,,,,,,,,
2016-02-23,2013-12-31,,,,-13952000000,39771000000,,,8139000000,5306000000,272000000,,,,,,3502000000,-5750000000,2340000000,,-10433000000,-7562000000,81476000000,-58867000000,-89110000000,-526000000,-9772000000,9573000000,,28324000000,-150501000000,107953000000,17886000000,-1552000000,-2129000000,75928000000,,23721000000,828000000,,4789000000,1800000000,,6056000000,130266000000,,,24214000000,,,83546000000,3873000000,89631000000,189000000,47726000000,-194363000000,-913000000,,2784000000,,73312000000,,,12033000000,73566000000,,225000000,,60497000000,,,
2016-02-23,2014-12-31,,,,-11940000000,27831000000,,,4362000000,4759000000,-1125000000,,,,,,1392000000,6058000000,3637000000,,-834000000,-1020000000,89346000000,10905000000,24814000000,9166000000,26818000000,8194000000,,118228000000,-165636000000,36593000000,21745000000,-2113000000,314000000,67525000000,,51749000000,-2181000000,,4760000000,0,,6990000000,121504000000,,,10345000000,,,78515000000,8847000000,90664000000,4169000000,30848000000,-168426000000,-768000000,,9242000000,,38411000000,,,20115000000,71407000000,,3139000000,,65275000000,,,
2016-02-23,2015-12-31,,,,-7341000000,20490000000,,,1333000000,4940000000,-276000000,,,,,,9423000000,-23361000000,-22664000000,,-5632000000,-12165000000,-88678000000,-39415000000,-62212000000,3701000000,-28972000000,7220000000,,-187511000000,106980000000,73466000000,24442000000,-1785000000,-5122000000,48109000000,,108962000000,-3703000000,,5616000000,0,,7873000000,70804000000,,,6204000000,,,79611000000,5893000000,76448000000,6099000000,3190000000,144462000000,-726000000,,-57828000000,,40444000000,,,18604000000,49363000000,,3827000000,,67247000000,,,
2017-02-28,2013-12-31,,,,,39771000000,,,,,,,,,,,,,,,,,,,,,,,,,,,,,,,,,,,,,,,,,,,,,,,,,,,,,,,,,,,,,,,,,,
2017-02-28,2014-12-31,,,,-11940000000,27831000000,,,4362000000,4759000000,-1125000000,,,,,,1392000000,6058000000,3637000000,,-834000000,-1020000000,89346000000,10905000000,24814000000,9166000000,26818000000,8194000000,,118228000000,-165636000000,36593000000,21745000000,-2113000000,314000000,67525000000,,51749000000,-2181000000,,4760000000,,,6990000000,121504000000,,,10345000000,,,78515000000,8847000000,90664000000,4169000000,30848000000,-168426000000,-768000000,,9242000000,,38411000000,,,20115000000,71407000000,,3139000000,,65275000000,,,
2017-02-28,2015-12-31,,,,-7341000000,20490000000,,,1333000000,4940000000,-276000000,,,,,,9423000000,-23361000000,-22664000000,,-5632000000,-12165000000,-88678000000,-39415000000,-62212000000,3701000000,-28972000000,7220000000,,-187511000000,106980000000,73466000000,24442000000,-1785000000,-5122000000,48109000000,,108962000000,-3703000000,,5616000000,,,7873000000,70804000000,,,6204000000,,,79611000000,5893000000,76448000000,6099000000,3190000000,144462000000,-726000000,,-57828000000,,40444000000,,,18604000000,49363000000,,3827000000,,67247000000,,,
2017-02-28,2016-12-31,,,,3383000000,23873000000,,,4651000000,5478000000,-135000000,,,,,,2405000000,3740000000,5815000000,,-5707000000,-2313000000,97336000000,13007000000,20007000000,4517000000,5198000000,9508000000,,98271000000,-114949000000,20196000000,24733000000,-1799000000,-1827000000,61107000000,,80996000000,2825000000,,9082000000,,,8476000000,123959000000,,,143000000,,,83070000000,0,65950000000,6218000000,-17468000000,-25747000000,-467000000,,-2461000000,,48592000000,,,15429000000,60196000000,,5361000000,,68949000000,,,
2018-02-27,2014-12-31,,,,,27831000000,,,,,,,,,,,,,,,,,,,,,,,,,,,,,,,,,,,,,,,,,,,,,,,,,,,,,,,,,,,,,,,,,,
2018-02-27,2015-12-31,,,,-7341000000,20490000000,,,1333000000,4940000000,-276000000,,,,,,9423000000,-23361000000,-22664000000,,-5632000000,-12165000000,-88678000000,-39415000000,-62212000000,3701000000,-28972000000,7220000000,,-187511000000,106980000000,73466000000,24442000000,-1785000000,-5122000000,48109000000,,108962000000,-3703000000,5616000000,,0,,7873000000,70804000000,,,6204000000,,,79611000000,5893000000,76448000000,6099000000,3190000000,144462000000,-726000000,,,-57828000000,40444000000,,,18604000000,49363000000,,3827000000,,67247000000,,,
2018-02-27,2016-12-31,,,,3383000000,23873000000,,,4651000000,5478000000,-135000000,,,,,,2405000000,3740000000,5815000000,,-5707000000,-2313000000,97336000000,13007000000,20007000000,4517000000,5198000000,9508000000,,98271000000,-114949000000,20196000000,24733000000,-1799000000,-1827000000,61107000000,,80996000000,2825000000,9082000000,,0,,8476000000,123959000000,,,143000000,,,83070000000,0,65950000000,6218000000,-17468000000,-25747000000,-467000000,,,-2461000000,48592000000,,,15429000000,60196000000,,5361000000,,68949000000,,,
2018-02-27,2017-12-31,,,,1954000000,25827000000,,,2312000000,6179000000,96000000,,,,,,4325000000,-8518000000,15868000000,,-1377000000,8653000000,57022000000,-6739000000,-5673000000,-4318000000,-26256000000,14153000000,,14642000000,-10283000000,-2501000000,24441000000,-2136000000,7803000000,94628000000,,61650000000,563000000,15410000000,,1258000000,,8993000000,105309000000,,,2349000000,,,56271000000,1258000000,56117000000,4563000000,31448000000,-38532000000,407000000,,,16540000000,90201000000,,,15791000000,93270000000,,5290000000,,83079000000,,,
2019-02-26,2015-12-31,,,361683000000,,,,,,,,,,,,,,,,,,,,,,,,,,,,,,,,,,,,,,,,,,,,,,,,,,,,,,,,,,,,,,,,,,,,
2019-02-26,2016-12-31,,,391154000000,29471000000,,,,4651000000,5478000000,-1482000000,,,,,,2405000000,5087000000,5815000000,,-5707000000,-2313000000,97336000000,13007000000,20007000000,4176000000,5198000000,,9508000000,98271000000,-89202000000,21884000000,24733000000,-1799000000,-1827000000,61107000000,,,2825000000,9082000000,,0,,8476000000,,123959000000,,143000000,80996000000,,83070000000,0,65950000000,6218000000,-17468000000,,-467000000,,,,,48592000000,,15429000000,60196000000,109000000,5361000000,,68949000000,2461000000,,
2019-02-26,2017-12-31,,,431304000000,40150000000,,,,2312000000,6179000000,8086000000,,,,,,4325000000,-16508000000,15868000000,,-1377000000,8653000000,57022000000,-6739000000,-5673000000,-3982000000,-26256000000,,14153000000,14642000000,28249000000,-10827000000,24441000000,-2136000000,7803000000,94628000000,,,563000000,15410000000,,1258000000,,8993000000,,105309000000,,2349000000,61650000000,,56271000000,1258000000,56117000000,4563000000,31448000000,,407000000,,,,,90201000000,,15791000000,93270000000,16540000000,5290000000,,83079000000,481000000,,
2019-02-26,2018-12-31,,,278793000000,-152511000000,,,,1721000000,7791000000,-2863000000,,,,,,3542000000,14630000000,5849000000,,1712000000,6861000000,26728000000,23415000000,38371000000,8833000000,18290000000,,21152000000,34158000000,-197993000000,14187000000,32474000000,-2717000000,295000000,102141000000,,,4986000000,19983000000,,1696000000,,10109000000,,95091000000,,9368000000,81586000000,,71662000000,1696000000,37401000000,2945000000,-123201000000,,-1430000000,,,,,46067000000,,29826000000,93453000000,18476000000,4871000000,,76313000000,678000000,,
2020-02-25,2016-12-31,,,,,,391154000000,,,,,,,,,,,,,,,,,,,,,,,,,,,,,,,,,,,,,,,,,,,,,,,,,,,,,,,,,,,,,,,,,
2020-02-25,2017-12-31,,,,,,431304000000,40150000000,2312000000,6179000000,,8086000000,,,,,4325000000,-16508000000,15868000000,,-1377000000,8653000000,57022000000,-6739000000,-5673000000,-3982000000,-26256000000,,14153000000,14642000000,28249000000,-10827000000,24441000000,-2136000000,7803000000,94628000000,,,563000000,15410000000,,1258000000,,8993000000,,105309000000,,2349000000,61650000000,,56271000000,1258000000,56117000000,4563000000,31448000000,,407000000,,,,,90201000000,,15791000000,93270000000,16540000000,5290000000,,83079000000,481000000,,
2020-02-25,2018-12-31,,,,,,278793000000,-152511000000,1721000000,7791000000,,-2863000000,,,,,3542000000,14630000000,5849000000,,1712000000,6861000000,26728000000,23415000000,38371000000,8833000000,18290000000,,21152000000,34158000000,-197993000000,14187000000,32474000000,-2717000000,295000000,102141000000,,,4986000000,19983000000,,1696000000,,10109000000,,95091000000,,9368000000,81586000000,,71662000000,1696000000,37401000000,2945000000,-123201000000,,-1430000000,,,,,46067000000,,29826000000,93453000000,18476000000,4871000000,,76313000000,678000000,,
2020-02-25,2019-12-31,,,,,,263631000000,-15162000000,949000000,8368000000,,-182000000,,,,,5624000000,-352000000,78000000,,4289000000,27631000000,101002000000,1347000000,652000000,17949000000,-14516000000,,29918000000,32987000000,-54013000000,6046000000,36431000000,-1996000000,5693000000,70980000000,,,5035000000,24001000000,,4075000000,,12343000000,,242149000000,,13427000000,53697000000,,61085000000,5000000000,52200000000,3423000000,72396000000,,-1146000000,,,,,70181000000,,62095000000,79182000000,,5585000000,,69610000000,28561000000,,
2021-02-23,2017-12-31,,,,,,431304000000,,,,,,,,,,,,,,,,,,,,,,,,,,,,,,,,,,,,,,,,,,,,,,,,,,,,,,,,,,,,,,,,,
2021-02-23,2018-12-31,,,,,,278793000000,-152511000000,1721000000,7791000000,,-2863000000,,,,,3542000000,14630000000,5849000000,,1712000000,6861000000,26728000000,23415000000,35067000000,8779000000,18290000000,,21152000000,34158000000,-199420000000,15614000000,32474000000,-2717000000,-1343000000,172728000000,,,4986000000,19983000000,,1696000000,,10109000000,,95091000000,,9368000000,83013000000,,71662000000,1696000000,37401000000,2945000000,-123201000000,,-1430000000,,,,,46067000000,29826000000,,163747000000,18476000000,4871000000,,76313000000,678000000,,
2021-02-23,2019-12-31,,,,,,263631000000,-15162000000,949000000,8368000000,,-182000000,,,,,5624000000,-352000000,78000000,,4289000000,27631000000,101002000000,1347000000,-6551000000,17570000000,-14516000000,,29918000000,32987000000,-52059000000,4092000000,36431000000,-1996000000,2233000000,169289000000,,,5035000000,24001000000,,4075000000,,12343000000,,242149000000,,13427000000,51743000000,,61085000000,5000000000,52200000000,3423000000,72396000000,,-1146000000,,,,,70181000000,62095000000,,171415000000,,5585000000,,69610000000,28561000000,,
2021-02-23,2020-12-31,,,,,,527609000000,263978000000,-3981000000,8614000000,,9155000000,,,,,7661000000,7827000000,18012000000,,1347000000,20734000000,602765000000,31528000000,148749000000,42434000000,77198000000,,13077000000,596645000000,-261912000000,-79910000000,29131000000,-1649000000,3115000000,166504000000,,,7341000000,6517000000,,1430000000,,12690000000,,397145000000,,12400000000,50263000000,,78686000000,4500000000,57675000000,21360000000,-47115000000,,-927000000,,,,,149758000000,23559000000,,175490000000,4438000000,17480000000,,105055000000,20000000,,
2022-02-22,2018-12-31,,,,,,278793000000,,,,,,,,,,,,,,,,,,,,,,,,,,,,,,,,,,,,,,,,,,,,,,,,,,,,,,,,,,,,,,,,,
2022-02-22,2019-12-31,,,,,,263631000000,-15162000000,1270000000,8368000000,,-182000000,,,,,6224000000,-466000000,78000000,,4289000000,27631000000,101002000000,1347000000,-6551000000,17777000000,-14516000000,,29918000000,32987000000,-52059000000,4092000000,36431000000,-1996000000,2233000000,169289000000,,,5035000000,24001000000,,4075000000,,12343000000,,242149000000,,13427000000,,,61085000000,5000000000,52200000000,3423000000,72396000000,,-1146000000,-51743000000,,,,70181000000,62095000000,,171415000000,,5585000000,,69610000000,28561000000,,
2022-02-22,2020-12-31,,,,,,527609000000,263978000000,-3573000000,8614000000,,9155000000,,,,,8140000000,7415000000,18012000000,,1347000000,20734000000,602765000000,31528000000,148749000000,42430000000,77198000000,,13077000000,596645000000,-261912000000,-79910000000,29131000000,-1649000000,3115000000,166504000000,,,7341000000,6517000000,,1430000000,,12690000000,,397145000000,,12400000000,,,78686000000,4500000000,57675000000,21360000000,-47115000000,,-927000000,-50263000000,,,,149758000000,23559000000,,175490000000,4438000000,17480000000,,105055000000,20000000,,
2022-02-22,2021-12-31,,,,,,740834000000,213225000000,3748000000,7932000000,,-11508000000,,,,,18737000000,43162000000,12401000000,,-4254000000,45635000000,293764000000,-20799000000,-85710000000,11745000000,-23190000000,,5142000000,275993000000,-129344000000,78084000000,48334000000,-3274000000,-398000000,347864000000,,,11044000000,18408000000,,2575000000,,12858000000,,248785000000,,111756000000,,,82409000000,7350000000,50075000000,50897000000,34473000000,,-1477000000,-91797000000,,,,162748000000,35845000000,,336413000000,7773000000,-9256000000,,54932000000,0,,
2023-02-21,2019-12-31,,,,,,263631000000,,,,,,,,,,,,,,,,,,,,,,,,,,,,,,,,,,,,,,,,,,,,,,,,,,,,,,,,,,,,,,,,,
2023-02-21,2020-12-31,,,,,,527609000000,263978000000,-3573000000,8614000000,,9155000000,,,,,8140000000,7415000000,18012000000,,1347000000,20734000000,602765000000,31528000000,148749000000,42430000000,77198000000,,13077000000,596645000000,-261912000000,-79910000000,29131000000,-1649000000,3115000000,166504000000,,,7341000000,6517000000,,1430000000,,12690000000,,397145000000,,12400000000,,,78686000000,4500000000,57675000000,21360000000,-47115000000,,-927000000,-50263000000,,,,149758000000,23559000000,,175490000000,4438000000,17480000000,,105055000000,20000000,,
2023-02-21,2021-12-31,,,,,,740834000000,213225000000,3748000000,7932000000,,-11508000000,,,,,18737000000,43162000000,12401000000,,-4254000000,45635000000,293764000000,-20799000000,-85710000000,11745000000,-23190000000,,5142000000,275993000000,-129344000000,78084000000,48334000000,-3274000000,-398000000,347864000000,,,11044000000,18408000000,,2575000000,,12858000000,,248785000000,,111756000000,,,82409000000,7350000000,50075000000,50897000000,34473000000,,-1477000000,-91797000000,,,,162748000000,35845000000,,336413000000,7773000000,-9256000000,,54932000000,0,,
2023-02-21,2022-12-31,,,,,,567234000000,-173600000000,-2738000000,7051000000,,-16643000000,,,,,4355000000,58614000000,22970000000,,2205000000,-20203000000,-136895000000,8455000000,31449000000,2882000000,11170000000,,23143000000,-126257000000,-137819000000,107119000000,37676000000,-5174000000,2339000000,149167000000,,,11932000000,3162000000,,7434000000,,13562000000,,126258000000,,33676000000,,,78442000000,0,39159000000,48626000000,-54278000000,,234000000,-128968000000,,,,84616000000,44892000000,,167709000000,,6389000000,,45556000000,8984000000,,
2024-02-16,2020-12-31,,,,,,527609000000,,,,,,,,,,,,,,,,,,,,,,,,,,,,,,,,,,,,,,,,,,,,,,,,,,,,,,,,,,,,,,,,,
2024-02-16,2021-12-31,,0,,,,740834000000,213225000000,3748000000,7932000000,,-11508000000,,,,,18737000000,43162000000,12401000000,,-4254000000,45635000000,293764000000,-20799000000,-85710000000,11745000000,-23190000000,,5142000000,275993000000,-129344000000,78084000000,48334000000,-3274000000,-398000000,347864000000,,,11044000000,18408000000,,2575000000,,12858000000,,248785000000,0,111756000000,,,82409000000,7350000000,50075000000,50897000000,34473000000,,-1477000000,-91797000000,,,,162748000000,35845000000,,336413000000,,-9256000000,,54932000000,0,,
2024-02-16,2022-12-31,,0,,,,567234000000,-173600000000,-2738000000,7051000000,,-16643000000,,,,,4355000000,58614000000,22970000000,,2205000000,-20203000000,-136895000000,8455000000,31449000000,2882000000,11170000000,,23143000000,-126257000000,-137819000000,107119000000,37676000000,-5174000000,2339000000,149167000000,,,11932000000,3162000000,,7434000000,,13562000000,,126258000000,0,33676000000,,,78442000000,0,39159000000,48626000000,-54278000000,,234000000,-128968000000,,,,84616000000,44892000000,,167709000000,,6389000000,,45556000000,8984000000,,
2024-02-16,2023-05-01,,2700000000,,,,,,,,,,,,,,,,,,,,,,,,,,,,,,,,,,,,,,,,,,,,,,,,,,,,,,,,,,,,,,,,1200000000,,,,,
2024-02-16,2023-12-31,,2775000000,,,,624151000000,56917000000,-4534000000,7512000000,,1871000000,,,,,9908000000,-25388000000,-19928000000,,9029000000,14902000000,-32196000000,13801000000,74091000000,-32970000000,5315000000,,77114000000,-25571000000,67643000000,12974000000,49552000000,-4301000000,4581000000,115245000000,,,16740000000,9824000000,,0,,13463000000,,115499000000,9920000000,4141000000,,,75417000000,0,53744000000,53056000000,39740000000,,-1521000000,-88343000000,,,,108434000000,47312000000,,116430000000,,9320000000,,64880000000,1934000000,,
2025-02-14,2021-12-31,,,,,,740834000000,,,,,,,,,,,,,,,,,,,,,,,,,,,,,,,,,,,,,,,,,,,,,,,,,,,,,,,,,,,,,,,,,
2025-02-14,2022-12-31,,0,,,,567234000000,-173600000000,-2738000000,7051000000,,-16643000000,0,,,,4355000000,58614000000,22970000000,,2205000000,-20203000000,-136895000000,8455000000,31449000000,2882000000,11170000000,,23143000000,-126257000000,-137819000000,107119000000,37676000000,-5174000000,2339000000,149167000000,,,11932000000,3162000000,,7434000000,,13562000000,,126258000000,0,33676000000,,,78442000000,0,39159000000,48626000000,-54278000000,,234000000,-128968000000,,,,84616000000,44892000000,,167709000000,,6389000000,,45556000000,8984000000,,
2025-02-14,2023-05-01,,2700000000,,,,,,,,,,,,,,,,,,,,,,,,,,,,,,,,,,,,,,,,,,,,,,,,,,,,,,,,,,,,,,,,,,,,,
2025-02-14,2023-12-31,,2775000000,,,,624151000000,56917000000,-4534000000,7512000000,,1871000000,0,,,,9908000000,-25388000000,-19928000000,,9029000000,14902000000,-32196000000,13801000000,74091000000,-32970000000,5315000000,,77114000000,-25571000000,67643000000,12974000000,49552000000,-4301000000,4581000000,115245000000,,,16740000000,9824000000,,0,,13463000000,,115499000000,9920000000,4141000000,,,75417000000,0,53744000000,53056000000,39740000000,,-1521000000,-88343000000,,,,108434000000,47312000000,,116430000000,,9320000000,,64880000000,1934000000,,
2025-02-14,2024-05-06,,,,,,,,,,,,8000000000.0,,,,,,,,,,,,,,,,,,,,,,,,,,,,,,,,,,,,,,,,,,,,,,,,,,,,,,,,,,,
2025-02-14,2024-12-31,,103000000,,,,469317000000,-154834000000,2004000000,7938000000,,-12866000000,7990000000,,,,11715000000,-90000000,-5735000000,,1543000000,18762000000,3299000000,80288000000,95729000000,7650000000,2276000000,,99642000000,63447000000,-163403000000,-42012000000,58471000000,-1985000000,6160000000,212238000000,,,2146000000,18830000000,,9850000000,,14783000000,,352712000000,2362000000,4709000000,,,109915000000,2500000000,38499000000,99363000000,-18706000000,,-1469000000,-83176000000,,,,104625000000,57921000000,,205303000000,,10678000000,,96605000000,999000000,,
