FilingDate,PeriodEnd,CashAndCashEquivalentsAtCarryingValue,CashAndCashEquivalentsPeriodIncreaseDecrease,CashCashEquivalentsAndFederalFundsSold,CashCashEquivalentsRestrictedCashAndRestrictedCashEquivalents,CashCashEquivalentsRestrictedCashAndRestrictedCashEquivalentsPeriodIncreaseDecreaseIncludingExchangeRateEffect,CashProvidedByUsedInFinancingActivitiesDiscontinuedOperations,CashProvidedByUsedInInvestingActivitiesDiscontinuedOperations,CashProvidedByUsedInOperatingActivitiesDiscontinuedOperations,DeferredTaxesAcquisitionCostsAndOther,DeferredTaxesAndOther,DepreciationAmortizationAndAccretionNet,EffectOfExchangeRateOnCashAndCashEquivalents,EffectOfExchangeRateOnCashCashEquivalentsRestrictedCashAndRestrictedCashEquivalents,IncomeLossFromContinuingOperations,IncomeLossFromDiscontinuedOperationsNetOfTax,IncreaseDecreaseInAccountsPayable,IncreaseDecreaseInAccountsPayableAndOtherOperatingLiabilities,IncreaseDecreaseInDebtExchange,IncreaseDecreaseInDeferredIncomeTaxes,IncreaseDecreaseInDeposits,IncreaseDecreaseInOtherOperatingAssets,IncreaseDecreaseInOtherReceivables,IncreaseDecreaseInRestrictedCash,IncreaseDecreaseInTravelersChequesOutstanding,IncreaseDecreaseTravelersChequesOutstanding,MaturitiesOfCardmemberLoanSecuritizations,NetCashProvidedByUsedInFinancingActivities,NetCashProvidedByUsedInFinancingActivitiesContinuingOperations,NetCashProvidedByUsedInInvestingActivities,NetCashProvidedByUsedInInvestingActivitiesContinuingOperations,NetCashProvidedByUsedInOperatingActivities,NetCashProvidedByUsedInOperatingActivitiesContinuingOperations,NetDecreaseIncreaseInShortTermBorrowings,NetIncomeLoss,OtherNoncashIncomeExpense,PaymentsForMaturitiesOfCardmemberLoanSecuritizations,PaymentsForProceedsFromBusinessesAndInterestInAffiliates,PaymentsForProceedsFromLoansAndLeases,PaymentsForProceedsFromLoansReceivable,PaymentsForProceedsFromOtherInvestingActivities,PaymentsForRepurchaseOfCommonStock,PaymentsForRepurchaseOfPreferredStockAndPreferenceStock,PaymentsForRepurchaseOfWarrants,PaymentsForRepurchasesOfCommonSharesAndOther,PaymentsOfDividends,PaymentsToAcquireBusinessesNetOfCashAcquired,PaymentsToAcquireInvestments,PaymentsToAcquirePropertyPlantAndEquipment,PaymentsToPurchaseOtherLoansHeldForSale,ProceedsFromDivestitureOfBusinessesNetOfCashDivested,ProceedsFromIssuanceOfCommonStock,ProceedsFromIssuanceOfLongTermDebt,ProceedsFromIssuanceOfPreferredStockAndPreferenceStock,ProceedsFromMaturitiesPrepaymentsAndCallsOfAvailableForSaleSecurities,ProceedsFromRepaymentsOfShortTermDebt,ProceedsFromSaleOfAvailableForSaleSecurities,ProceedsFromSaleOfAvailableForSaleSecuritiesDebt,ProceedsFromSaleOfEquityMethodInvestments,ProceedsFromSaleOfOtherLoansHeldForSale,ProceedsFromSaleOfPropertyPlantAndEquipment,ProceedsFromSecuritizationsOfCreditCards,ProvisionForLoanLeaseAndOtherLosses,ProvisionForLoanLossesExpensed,ProvisionForLosses,RepaymentOfPreferredSharesIssued,RepaymentsOfLongTermDebt,ShareBasedCompensation
2010-02-25,2006-12-31,8246000000,,,,,,,,,,,,,,,,,,,,,,,,,,,,,,,,,,,,,,,,,,,,,,,,,,,,,,,,,,,,,,,,,,
2010-02-25,2007-12-31,15268000000,7022000000,,,,1236000000,786000000,-129000000,-851000000,,648000000,166000000,,4126000000,-114000000,1013000000,,,,3361000000,226000000,927000000,-56000000,,-22000000,-3500000000,15466000000,,-16621000000,,8011000000,,2682000000,4012000000,,,,20377000000,,,3572000000,,0,,712000000,124000000,9592000000,938000000,,,852000000,20833000000,0,6154000000,,3034000000,,,,55000000,7825000000,,,4103000000,0,9214000000,276000000
2010-02-25,2008-12-31,20550000000,5282000000,,,,-6653000000,2625000000,129000000,442000000,,712000000,20000000,,2871000000,-172000000,885000000,,,,358000000,2256000000,-101000000,-33000000,,-770000000,-4670000000,-10440000000,,7561000000,,8141000000,,-8693000000,2699000000,,,,-5940000000,,,218000000,,0,,836000000,4589000000,14724000000,977000000,,,176000000,19213000000,0,9620000000,,4657000000,,,,27000000,9619000000,,,5798000000,0,13787000000,229000000
2010-02-25,2009-12-31,15542000000,-5008000000,,,,40000000,196000000,-233000000,-1429000000,,1070000000,7000000,,2137000000,-7000000,-23000000,,,,11037000000,-526000000,730000000,1935000000,,-449000000,-4800000000,-4647000000,,-6752000000,,6384000000,,-6574000000,2130000000,,,,-6154000000,,,0,,340000000,,924000000,0,13719000000,772000000,,,614000000,6697000000,3389000000,2900000000,,2930000000,,,,50000000,2244000000,,,5313000000,3389000000,15197000000,202000000
2012-02-24,2008-12-31,,,21654000000,,,,,,,,,,,,,,,,,,,,,,,,,,,,,,,,,,,,,,,,,,,,,,,,,,,,,,,,,,,,,,,,
2012-02-24,2009-12-31,,-5055000000,0,,,40000000,196000000,-233000000,,-1429000000,1070000000,7000000,,2137000000,-7000000,,-98000000,,,11037000000,-526000000,730000000,1935000000,-449000000,,,-4647000000,,-6752000000,,6337000000,,,2130000000,,-4800000000,0,-6154000000,,,0,3389000000,340000000,,924000000,,13719000000,722000000,,,614000000,6697000000,3389000000,2900000000,-6574000000,2930000000,,,,,2244000000,5313000000,,,,15197000000,230000000
2012-02-24,2010-03-31,,,,,,,,,,,,,,885000000,0,,,,,,,,,,,,,,,,,,,885000000,,,,,,,,,,,,,,,,,,,,,,,,,,,,,,,,,
2012-02-24,2010-06-30,,,,,,,,,,,,,,1017000000,0,,,,,,,,,,,,,,,,,,,1017000000,,,,,,,,,,,,,,,,,,,,,,,,,,,,,,,,,
2012-02-24,2010-09-30,,,,,,,,,,,,,,1093000000,0,,,,,,,,,,,,,,,,,,,1093000000,,,,,,,,,,,,,,,,,,,,,,,,,,,,,,,,,
2012-02-24,2010-12-31,,-243000000,16356000000,,,0,0,0,,1135000000,917000000,135000000,,4057000000,0,,1737000000,,,3406000000,590000000,498000000,20000000,-317000000,,,-8084000000,,-1229000000,,8935000000,,,4057000000,,0,400000000,6389000000,,,590000000,0,0,,867000000,,7804000000,878000000,,,663000000,5918000000,0,12066000000,1056000000,2196000000,,,,,0,2207000000,,,,17670000000,287000000
2012-02-24,2011-03-31,,,,,,,,,,,,,,1177000000,0,,,,,,,,,,,,,,,,,,,1177000000,,,,,,,,,,,,,,,,,,,,,,,,,,,,,,,,,
2012-02-24,2011-06-30,,,,,,,,,,,,,,1295000000,36000000,,,,,,,,,,,,,,,,,,,1331000000,,,,,,,,,,,,,,,,,,,,,,,,,,,,,,,,,
2012-02-24,2011-09-30,,,,,,,,,,,,,,1235000000,0,,,,,,,,,,,,,,,,,,,1235000000,,,,,,,,,,,,,,,,,,,,,,,,,,,,,,,,,
2012-02-24,2011-12-31,,8537000000,24893000000,,,0,0,0,,818000000,918000000,-63000000,,4899000000,36000000,,2893000000,,,8232000000,635000000,-663000000,-3574000000,-494000000,,,-1384000000,,-491000000,,10475000000,,,4935000000,,0,610000000,8358000000,,,2300000000,0,0,,861000000,,1158000000,1189000000,,,594000000,13982000000,0,6074000000,-2000000,1176000000,,,,,0,1112000000,,,,21029000000,301000000
2013-02-22,2009-12-31,,,16599000000,,,,,,,,,,,,,,,,,,,,,,,,,,,,,,,,,,,,,,,,,,,,,,,,,,,,,,,,,,,,,,,,
2013-02-22,2010-12-31,,-243000000,16356000000,,,,,,,1135000000,917000000,135000000,,4057000000,0,,1531000000,0,,3406000000,590000000,498000000,20000000,-317000000,,,,-7878000000,,-1229000000,,8729000000,,4057000000,,,400000000,6389000000,,,590000000,,,,867000000,,7804000000,878000000,,,663000000,5918000000,,12066000000,1262000000,2196000000,,,,,,2207000000,,,,17670000000,287000000
2013-02-22,2011-03-31,,,,,,,,,,,,,,1177000000,0,,,,,,,,,,,,,,,,,,,1177000000,,,,,,,,,,,,,,,,,,,,,,,,,,,,,,,,,
2013-02-22,2011-06-30,,,,,,,,,,,,,,1295000000,36000000,,,,,,,,,,,,,,,,,,,1331000000,,,,,,,,,,,,,,,,,,,,,,,,,,,,,,,,,
2013-02-22,2011-09-30,,,,,,,,,,,,,,1235000000,0,,,,,,,,,,,,,,,,,,,1235000000,,,,,,,,,,,,,,,,,,,,,,,,,,,,,,,,,
2013-02-22,2011-12-31,,8537000000,24893000000,,,,,,,818000000,918000000,-63000000,,4899000000,36000000,,2186000000,0,,8232000000,635000000,-663000000,-3574000000,-494000000,,,,-677000000,,-491000000,,9768000000,,4935000000,,,610000000,8358000000,,,2300000000,,,,861000000,,1158000000,1189000000,,,594000000,13982000000,,6074000000,705000000,1176000000,,,,,,1112000000,,,,21029000000,301000000
2013-02-22,2012-03-31,,,,,,,,,,,,,,1256000000,0,,,,,,,,,,,,,,,,,,,1256000000,,,,,,,,,,,,,,,,,,,,,,,,,,,,,,,,,
2013-02-22,2012-06-30,,,,,,,,,,,,,,1339000000,0,,,,,,,,,,,,,,,,,,,1339000000,,,,,,,,,,,,,,,,,,,,,,,,,,,,,,,,,
2013-02-22,2012-09-30,,,,,,,,,,,,,,1250000000,0,,,,,,,,,,,,,,,,,,,1250000000,,,,,,,,,,,,,,,,,,,,,,,,,,,,,,,,,
2013-02-22,2012-12-31,,-2643000000,22250000000,,,,,,,218000000,991000000,88000000,,4482000000,0,,-358000000,541000000,,2300000000,-390000000,-153000000,-31000000,-540000000,,,,-3268000000,,-6545000000,,7082000000,,4482000000,,,466000000,6671000000,,,3952000000,,,,902000000,,473000000,1053000000,,,443000000,13934000000,,1562000000,-1015000000,525000000,,,,,,1990000000,,,,14076000000,297000000
2014-02-25,2010-12-31,,,16356000000,,,,,,,,,,,,,,,,,,,,,,,,,,,,,,,,,,,,,,,,,,,,,,,,,,,,,,,,,,,,,,,,
2014-02-25,2011-12-31,,8537000000,24893000000,,,,,,,818000000,918000000,-63000000,,4899000000,36000000,,2186000000,0,,8232000000,635000000,-663000000,-3574000000,-494000000,,,,-677000000,,-491000000,,9768000000,,4935000000,,,610000000,8358000000,,,2300000000,,,,861000000,,1158000000,1189000000,,,594000000,13982000000,,6074000000,705000000,1176000000,,,,,,1112000000,,,,21029000000,301000000
2014-02-25,2012-03-31,,,,,,,,,,,,,,,,,,,,,,,,,,,,,,,,,,1256000000,,,,,,,,,,,,,,,,,,,,,,,,,,,,,,,,,
2014-02-25,2012-06-30,,,,,,,,,,,,,,,,,,,,,,,,,,,,,,,,,,1339000000,,,,,,,,,,,,,,,,,,,,,,,,,,,,,,,,,
2014-02-25,2012-09-30,,,,,,,,,,,,,,,,,,,,,,,,,,,,,,,,,,1250000000,,,,,,,,,,,,,,,,,,,,,,,,,,,,,,,,,
2014-02-25,2012-12-31,,-2643000000,22250000000,,,,,,,218000000,991000000,88000000,,4482000000,0,,-358000000,541000000,,2300000000,-390000000,-153000000,-31000000,-540000000,,,,-3268000000,,-6545000000,,7082000000,,4482000000,,,466000000,6671000000,,,3952000000,,,,902000000,,473000000,1053000000,,,443000000,13934000000,,1562000000,-1015000000,525000000,,,,,,1990000000,,,,14076000000,297000000
2014-02-25,2013-03-31,,,,,,,,,,,,,,,,,,,,,,,,,,,,,,,,,,1280000000,,,,,,,,,,,,,,,,,,,,,,,,,,,,,,,,,
2014-02-25,2013-06-30,,,,,,,,,,,,,,,,,,,,,,,,,,,,,,,,,,1405000000,,,,,,,,,,,,,,,,,,,,,,,,,,,,,,,,,
2014-02-25,2013-09-30,,,,,,,,,,,,,,,,,,,,,,,,,,,,,,,,,,1366000000,,,,,,,,,,,,,,,,,,,,,,,,,,,,,,,,,
2014-02-25,2013-12-31,,-2764000000,19486000000,,,,,,,-283000000,1020000000,-151000000,,5359000000,0,,88000000,0,,1195000000,-335000000,73000000,-72000000,-359000000,,,,-3891000000,,-7269000000,,8547000000,,5359000000,,,195000000,6301000000,,,3943000000,,,,939000000,,1348000000,1006000000,,,721000000,11995000000,,1292000000,1843000000,217000000,,,,,,2110000000,,,,14763000000,350000000
2015-02-24,2011-12-31,,,24893000000,,,,,,,,,,,,,,,,,,,,,,,,,,,,,,,,,,,,,,,,,,,,,,,,,,,,,,,,,,,,,,,,
2015-02-24,2012-12-31,,-2643000000,22250000000,,,,,,,496000000,991000000,88000000,,2592000000,,,-358000000,541000000,,2300000000,-390000000,-153000000,-31000000,-540000000,,,,-3268000000,,-6545000000,,7082000000,,4482000000,,,466000000,6671000000,,,3952000000,,,,902000000,,473000000,1053000000,,,443000000,13934000000,0,1562000000,-1015000000,525000000,,0,,,,1712000000,,,,14076000000,297000000
2015-02-24,2013-03-31,,,,,,,,,,,,,,,,,,,,,,,,,,,,,,,,,,1280000000,,,,,,,,,,,,,,,,,,,,,,,,,,,,,,,,,
2015-02-24,2013-06-30,,,,,,,,,,,,,,,,,,,,,,,,,,,,,,,,,,1405000000,,,,,,,,,,,,,,,,,,,,,,,,,,,,,,,,,
2015-02-24,2013-09-30,,,,,,,,,,,,,,,,,,,,,,,,,,,,,,,,,,1366000000,,,,,,,,,,,,,,,,,,,,,,,,,,,,,,,,,
2015-02-24,2013-12-31,,-2764000000,19486000000,,,,,,,-5000000,1020000000,-151000000,,3193000000,,,88000000,0,,1195000000,-335000000,73000000,-72000000,-359000000,,,,-3891000000,,-7269000000,,8547000000,,5359000000,,,195000000,6301000000,,,3943000000,,,,939000000,,1348000000,1006000000,,,721000000,11995000000,0,1292000000,1843000000,217000000,,0,,,,1832000000,,,,14763000000,350000000
2015-02-24,2014-03-31,,,,,,,,,,,,,,,,,,,,,,,,,,,,,,,,,,1432000000,,,,,,,,,,,,,,,,,,,,,,,,,,,,,,,,,
2015-02-24,2014-06-30,,,,,,,,,,,,,,,,,,,,,,,,,,,,,,,,,,1529000000,,,,,,,,,,,,,,,,,,,,,,,,,,,,,,,,,
2015-02-24,2014-09-30,,,,,,,,,,,,,,,,,,,,,,,,,,,,,,,,,,1477000000,,,,,,,,,,,,,,,,,,,,,,,,,,,,,,,,,
2015-02-24,2014-12-31,,2802000000,22288000000,,,,,,,-941000000,1012000000,-232000000,,3200000000,,,2594000000,0,,2459000000,-650000000,56000000,-72000000,-488000000,,,,11000000,,-7967000000,,10990000000,,5885000000,,,229000000,8077000000,,,4389000000,,,,1041000000,,886000000,1195000000,,,362000000,16020000000,742000000,1116000000,-1374000000,242000000,,990000000,,,,2044000000,,,,12768000000,290000000
2016-02-19,2012-12-31,,,4797000000,,,,,,,,,,,,,,,,,,,,,,,,,,,,,,,,,,,,,,,,,,,,,,,,,,,,,,,,,,,,,,,,
2016-02-19,2013-12-31,,-2764000000,6076000000,,,,,,,-5000000,1020000000,-151000000,,,,,88000000,0,,1195000000,-335000000,73000000,-72000000,-359000000,,,,-3891000000,,-7269000000,,4478000000,,5359000000,,,195000000,6301000000,,,3943000000,,,,939000000,,1348000000,1006000000,,,721000000,11995000000,0,1292000000,1843000000,217000000,,0,,,,1832000000,,,,14763000000,350000000
2016-02-19,2014-03-31,,,,,,,,,,,,,,,,,,,,,,,,,,,,,,,,,,1432000000,,,,,,,,,,,,,,,,,,,,,,,,,,,,,,,,,
2016-02-19,2014-06-30,,,,,,,,,,,,,,,,,,,,,,,,,,,,,,,,,,1529000000,,,,,,,,,,,,,,,,,,,,,,,,,,,,,,,,,
2016-02-19,2014-09-30,,,,,,,,,,,,,,,,,,,,,,,,,,,,,,,,,,1477000000,,,,,,,,,,,,,,,,,,,,,,,,,,,,,,,,,
2016-02-19,2014-12-31,,2802000000,0,,,,,,,-941000000,1012000000,-232000000,,,,,2594000000,0,,2459000000,-650000000,56000000,-72000000,-488000000,,,,11000000,,-7967000000,,5113000000,,5885000000,,,229000000,8077000000,,,4389000000,,,,1041000000,,886000000,1195000000,,,362000000,16020000000,742000000,1116000000,-1374000000,242000000,,990000000,,,,93000000,,,,655000000,290000000
2016-02-19,2015-03-31,,,,,,,,,,,,,,,,,,,,,,,,,,,,,,,,,,1525000000,,,,,,,,,,,,,,,,,,,,,,,,,,,,,,,,,
2016-02-19,2015-06-30,,,,,,,,,,,,,,,,,,,,,,,,,,,,,,,,,,1473000000,,,,,,,,,,,,,,,,,,,,,,,,,,,,,,,,,
2016-02-19,2015-09-30,,,,,,,,,,,,,,,,,,,,,,,,,,,,,,,,,,1266000000,,,,,,,,,,,,,,,,,,,,,,,,,,,,,,,,,
2016-02-19,2015-12-31,,474000000,0,,,,,,,506000000,1043000000,-276000000,,,,,1020000000,0,,10878000000,-2058000000,673000000,120000000,-367000000,,,,-2029000000,,-8193000000,,10972000000,,5163000000,,,155000000,6967000000,,,4480000000,,,,1172000000,,1713000000,1341000000,,,192000000,9926000000,841000000,2091000000,1395000000,12000000,,0,,,,54000000,,,,19610000000,234000000
2017-02-17,2013-12-31,,,6076000000,,,,,,,,,,,,,,,,,,,,,,,,,,,,,,,,,,,,,,,,,,,,,,,,,,,,,,,,,,,,,,,,
2017-02-17,2014-12-31,,2748000000,8824000000,,,,,,,-941000000,1012000000,-232000000,,,,,2594000000,0,,2459000000,-650000000,56000000,-72000000,-488000000,,,,137000000,,-2502000000,,5113000000,,5885000000,,,229000000,8077000000,,,4389000000,,,,1041000000,,0,39000000,,,362000000,16020000000,742000000,1116000000,-1374000000,242000000,,990000000,,,,569000000,,,,655000000,290000000
2017-02-17,2015-03-31,,,,,,,,,,,,,,,,,,,,,,,,,,,,,,,,,,1525000000,,,,,,,,,,,,,,,,,,,,,,,,,,,,,,,,,
2017-02-17,2015-06-30,,,,,,,,,,,,,,,,,,,,,,,,,,,,,,,,,,1473000000,,,,,,,,,,,,,,,,,,,,,,,,,,,,,,,,,
2017-02-17,2015-09-30,,,,,,,,,,,,,,,,,,,,,,,,,,,,,,,,,,1266000000,,,,,,,,,,,,,,,,,,,,,,,,,,,,,,,,,
2017-02-17,2015-12-31,,474000000,1000000000,,,,,,,507000000,1043000000,-276000000,,,,,699000000,0,,10878000000,-2058000000,714000000,120000000,-367000000,,,,-3633000000,,-3984000000,,10611000000,,5163000000,,,155000000,6967000000,,,4480000000,,,,1172000000,,3000000,29000000,,,192000000,9923000000,841000000,2091000000,1395000000,12000000,,0,,,,588000000,,,,0,234000000
2017-02-17,2016-03-31,,,,,,,,,,,,,,,,,,,,,,,,,,,,,,,,,,1426000000,,,,,,,,,,,,,,,,,,,,,,,,,,,,,,,,,
2017-02-17,2016-06-30,,,,,,,,,,,,,,,,,,,,,,,,,,,,,,,,,,2015000000,,,,,,,,,,,,,,,,,,,,,,,,,,,,,,,,,
2017-02-17,2016-09-30,,,,,,,,,,,,,,,,,,,,,,,,,,,,,,,,,,1142000000,,,,,,,,,,,,,,,,,,,,,,,,,,,,,,,,,
2017-02-17,2016-12-31,,2446000000,22000000000,,,,,,,-1132000000,1095000000,-114000000,,,,,1072000000,0,,-1935000000,-192000000,281000000,-145000000,-410000000,,,,-9689000000,,4116000000,,4402000000,,5408000000,,,487000000,-3220000000,,,4430000000,,,,1207000000,,2162000000,1000000,,,177000000,8824000000,0,2429000000,888000000,88000000,,10000000,,,,325000000,,,,9848000000,254000000
2018-02-16,2014-12-31,,,8824000000,,,,,,,,,,,,,,,,,,,,,,,,,,,,,,,,,,,,,,,,,,,,,,,,,,,,,,,,,,,,,,,,
2018-02-16,2015-12-31,,474000000,22762000000,,,,,,,,1043000000,-276000000,,,,,794000000,,,10878000000,-2058000000,714000000,120000000,-367000000,,,,-1763000000,,-8193000000,,5193000000,,5163000000,507000000,,155000000,6967000000,,,4480000000,,,,1172000000,,1713000000,1341000000,,,193000000,0,841000000,2091000000,1395000000,12000000,,0,,,,1988000000,,,,0,234000000
2018-02-16,2016-03-31,,,,,,,,,,,,,,,,,,,,,,,,,,,,,,,,,,1426000000,,,,,,,,,,,,,,,,,,,,,,,,,,,,,,,,,
2018-02-16,2016-06-30,,,,,,,,,,,,,,,,,,,,,,,,,,,,,,,,,,2015000000,,,,,,,,,,,,,,,,,,,,,,,,,,,,,,,,,
2018-02-16,2016-09-30,,,,,,,,,,,,,,,,,,,,,,,,,,,,,,,,,,1142000000,,,,,,,,,,,,,,,,,,,,,,,,,,,,,,,,,
2018-02-16,2016-12-31,,-1171000000,0,,,,,,,,1095000000,-114000000,,,,,1139000000,,,-1935000000,-192000000,281000000,-145000000,-410000000,,,,-7599000000,,1868000000,,4402000000,,825000000,-1132000000,,487000000,-3220000000,,,4430000000,,,,1206000000,,2162000000,1375000000,,,176000000,0,0,2429000000,888000000,88000000,,10000000,,,,325000000,,,,1350000000,254000000
2018-02-16,2017-03-31,,,,,,,,,,,,,,,,,,,,,,,,,,,,,,,,,,1237000000,,,,,,,,,,,,,,,,,,,,,,,,,,,,,,,,,
2018-02-16,2017-06-30,,,,,,,,,,,,,,,,,,,,,,,,,,,,,,,,,,1340000000,,,,,,,,,,,,,,,,,,,,,,,,,,,,,,,,,
2018-02-16,2017-09-30,,,,,,,,,,,,,,,,,,,,,,,,,,,,,,,,,,1356000000,,,,,,,,,,,,,,,,,,,,,,,,,,,,,,,,,
2018-02-16,2017-12-31,,7719000000,33000000000,,,,,,,,1321000000,207000000,,,,,5505000000,,,11385000000,62000000,-473000000,31000000,-257000000,,,,12245000000,,-18273000000,,5976000000,,2736000000,783000000,,211000000,16853000000,,,4400000000,,,,1251000000,,0,0,,,129000000,32764000000,0,2494000000,-2300000000,2000000,,0,,,,744000000,,,,1500000000,282000000
2019-02-13,2015-12-31,,,,23239000000,,,,,,,,,,,,,,,,,,,,,,,,,,,,,,,,,,,,,,,,,,,,,,,,,,,,,,,,,,,,,,,
2019-02-13,2016-12-31,,-1171000000,,25494000000,,,,,,,1095000000,-160000000,,,,,1180000000,,,-1935000000,-206000000,332000000,,-448000000,,,,-9689000000,,4116000000,,8291000000,,-1095000000,1066000000,,487000000,-3220000000,,,,,,4498000000,1207000000,,2162000000,1000000,,,177000000,8824000000,,2429000000,888000000,88000000,,10000000,,,,604000000,,,,1350000000,254000000
2019-02-13,2017-03-31,,,,,,,,,,,,,,,,,,,,,,,,,,,,,,,,,,1251000000,,,,,,,,,,,,,,,,,,,,,,,,,,,,,,,,,
2019-02-13,2017-06-30,,,,,,,,,,,,,,,,,,,,,,,,,,,,,,,,,,1344000000,,,,,,,,,,,,,,,,,,,,,,,,,,,,,,,,,
2019-02-13,2017-09-30,,,,,,,,,,,,,,,,,,,,,,,,,,,,,,,,,,1359000000,,,,,,,,,,,,,,,,,,,,,,,,,,,,,,,,,
2019-02-13,2017-12-31,,-503000000,,33263000000,,,,,,,1321000000,226000000,,,,,5506000000,,,11385000000,77000000,-475000000,,-257000000,,,,12245000000,,-4044000000,,5976000000,,2748000000,-782000000,,211000000,16853000000,,,,,,4400000000,1251000000,,2612000000,0,,,129000000,32764000000,,2494000000,-2300000000,2000000,,0,,,,16000000,,,,1500000000,282000000
2019-02-13,2018-03-31,,,,,,,,,,,,,,,,,,,,,,,,,,,,,,,,,,1634000000,,,,,,,,,,,,,,,,,,,,,,,,,,,,,,,,,
2019-02-13,2018-06-30,,,,,,,,,,,,,,,,,,,,,,,,,,,,,,,,,,1623000000,,,,,,,,,,,,,,,,,,,,,,,,,,,,,,,,,
2019-02-13,2018-09-30,,,,,,,,,,,,,,,,,,,,,,,,,,,,,,,,,,1654000000,,,,,,,,,,,,,,,,,,,,,,,,,,,,,,,,,
2019-02-13,2018-12-31,,-1439000000,,27808000000,,,,,,,1293000000,129000000,,,,,-4121000000,,,5542000000,-743000000,-248000000,,-244000000,,,,2438000000,,-19615000000,,2434000000,,6921000000,-455000000,,520000000,15854000000,,,,,,1685000000,1324000000,,5434000000,1310000000,,,87000000,9350000000,,3499000000,-148000000,4000000,,0,,,,899000000,,,,18895000000,283000000
2020-02-13,2016-12-31,,,,25494000000,,,,,,,,,,,,,,,,,,,,,,,,,,,,,,,,,,,,,,,,,,,,,,,,,,,,,,,,,,,,,,,
2020-02-13,2017-12-31,,,,33263000000,7769000000,,,,,,1321000000,,226000000,,,,5249000000,,,11385000000,-398000000,,,,,,12245000000,,-18242000000,,13540000000,,,2748000000,-782000000,,211000000,16853000000,,0,,,,4400000000,1251000000,,2612000000,1062000000,,,129000000,32764000000,,2494000000,-2300000000,,,,,,,2760000000,,,,24082000000,282000000
2020-02-13,2018-03-31,,,,,,,,,,,,,,,,,,,,,,,,,,,,,,,,,,1634000000,,,,,,,,,,,,,,,,,,,,,,,,,,,,,,,,,
2020-02-13,2018-06-30,,,,,,,,,,,,,,,,,,,,,,,,,,,,,,,,,,1623000000,,,,,,,,,,,,,,,,,,,,,,,,,,,,,,,,,
2020-02-13,2018-09-30,,,,,,,,,,,,,,,,,,,,,,,,,,,,,,,,,,1654000000,,,,,,,,,,,,,,,,,,,,,,,,,,,,,,,,,
2020-02-13,2018-12-31,,,,27808000000,-5455000000,,,,,,1293000000,,129000000,,,,-4365000000,,,5542000000,-991000000,,,,,,5101000000,,-19615000000,,8930000000,,,6921000000,-455000000,,520000000,15854000000,,0,,,,1685000000,1324000000,,5434000000,1310000000,,,87000000,21524000000,,3499000000,-148000000,,4000000,,,,,3352000000,,,,18895000000,283000000
2020-02-13,2019-03-31,,,,,,,,,,,,,,,,,,,,,,,,,,,,,,,,,,1550000000,,,,,,,,,,,,,,,,,,,,,,,,,,,,,,,,,
2020-02-13,2019-06-30,,,,,,,,,,,,,,,,,,,,,,,,,,,,,,,,,,1761000000,,,,,,,,,,,,,,,,,,,,,,,,,,,,,,,,,
2020-02-13,2019-09-30,,,,,,,,,,,,,,,,,,,,,,,,,,,,,,,,,,1755000000,,,,,,,,,,,,,,,,,,,,,,,,,,,,,,,,,
2020-02-13,2019-12-31,,,,24446000000,-3362000000,,,,,,1188000000,,232000000,,,,1771000000,,,3330000000,368000000,,,,,,-519000000,,-16707000000,,13632000000,,,6759000000,-426000000,,352000000,11047000000,,-152000000,,,,4685000000,1422000000,,11166000000,1645000000,,,86000000,12706000000,,7329000000,3316000000,,22000000,,,,,3573000000,,,,13850000000,283000000
2021-02-12,2017-12-31,,,,33263000000,,,,,,,,,,,,,,,,,,,,,,,,,,,,,,,,,,,,,,,,,,,,,,,,,,,,,,,,,,,,,,,
2021-02-12,2018-12-31,,,,27808000000,-5455000000,,,,,,1293000000,,129000000,,,,-4365000000,,,5542000000,-991000000,,,,,,5101000000,,-19615000000,,8930000000,,,6921000000,-455000000,,520000000,15854000000,,0,,,,1685000000,1324000000,,5434000000,1310000000,,,87000000,21524000000,,3499000000,-148000000,,4000000,,,,,,937000000,,,18895000000,283000000
2021-02-12,2019-03-31,,,,,,,,,,,,,,,,,,,,,,,,,,,,,,,,,,1550000000,,,,,,,,,,,,,,,,,,,,,,,,,,,,,,,,,
2021-02-12,2019-06-30,,,,,,,,,,,,,,,,,,,,,,,,,,,,,,,,,,1761000000,,,,,,,,,,,,,,,,,,,,,,,,,,,,,,,,,
2021-02-12,2019-09-30,,,,,,,,,,,,,,,,,,,,,,,,,,,,,,,,,,1755000000,,,,,,,,,,,,,,,,,,,,,,,,,,,,,,,,,
2021-02-12,2019-12-31,,,,24446000000,-3362000000,,,,,,1188000000,,232000000,,,,1771000000,,,3330000000,368000000,,,,,,-519000000,,-16707000000,,13632000000,,,6759000000,-426000000,,352000000,11047000000,,-152000000,,,,4685000000,1422000000,,11166000000,1645000000,,,86000000,12706000000,,7329000000,3316000000,,22000000,,,,,,963000000,,,13850000000,283000000
2021-02-12,2020-03-31,,,,,,,,,,,,,,,,,,,,,,,,,,,,,,,,,,367000000,,,,,,,,,,,,,,,,,,,,,,,,,,,,,,,,,
2021-02-12,2020-06-30,,,,,,,,,,,,,,,,,,,,,,,,,,,,,,,,,,257000000,,,,,,,,,,,,,,,,,,,,,,,,,,,,,,,,,
2021-02-12,2020-09-30,,,,,,,,,,,,,,,,,,,,,,,,,,,,,,,,,,1073000000,,,,,,,,,,,,,,,,,,,,,,,,,,,,,,,,,
2021-02-12,2020-12-31,,,,32965000000,8519000000,,,,,,1543000000,,364000000,,,,-2025000000,,,13542000000,1785000000,,,,,,-9068000000,,11632000000,,5591000000,,,3135000000,256000000,,597000000,-26906000000,,-135000000,,,,1029000000,1474000000,,20562000000,1478000000,,,44000000,69000000,,7159000000,-4627000000,,69000000,,,,,,1015000000,,,15593000000,249000000
2022-02-11,2018-12-31,,,,27808000000,,,,,,,,,,,,,,,,,,,,,,,,,,,,,,,,,,,,,,,,,,,,,,,,,,,,,,,,,,,,,,,
2022-02-11,2019-12-31,,,,24446000000,-3362000000,,,,,,1188000000,,232000000,,,,1771000000,,151000000,3330000000,368000000,,,,,,-519000000,,-16707000000,,13632000000,,,6759000000,-577000000,,352000000,11047000000,,-152000000,,0,,4685000000,1422000000,,11166000000,1645000000,,,86000000,12706000000,0,7329000000,3316000000,,22000000,,,,,,963000000,,,13850000000,283000000
2022-02-11,2020-12-31,,,,32965000000,8519000000,,,,,,1543000000,,364000000,,,,-2025000000,,939000000,13542000000,1785000000,,,,,,-9068000000,,11632000000,,5591000000,,,3135000000,-683000000,,597000000,-26906000000,,-135000000,,0,,1029000000,1474000000,,20562000000,1478000000,,,44000000,69000000,0,7159000000,-4627000000,,69000000,,,,,,1015000000,,,15593000000,249000000
2022-02-11,2021-12-31,,,,22028000000,-10937000000,,,,,,1695000000,,-120000000,,,,5389000000,,-294000000,-2468000000,-1068000000,,,,,,-14933000000,,-10529000000,,14645000000,,,8060000000,772000000,,-1000000,27557000000,,0,,1600000000,,7652000000,1448000000,,1517000000,1550000000,,,64000000,7788000000,1584000000,20032000000,461000000,,62000000,,,,,,-73000000,,,11662000000,330000000
2023-02-10,2019-12-31,,,,24446000000,,,,,,,,,,,,,,,,,,,,,,,,,,,,,,,,,,,,,,,,,,,,,,,,,,,,,,,,,,,,,,,
2023-02-10,2020-12-31,,,,32965000000,8519000000,,,,,,1543000000,,364000000,,,,-2025000000,,939000000,13542000000,1785000000,,,,,,-9068000000,,11632000000,,5591000000,,,3135000000,-683000000,,597000000,-26906000000,,-135000000,1029000000,0,,,1474000000,,20562000000,1478000000,0,,44000000,69000000,0,7159000000,-4627000000,,69000000,,0,,,,1015000000,,,15593000000,249000000
2023-02-10,2021-12-31,,,,22028000000,-10937000000,,,,,,1695000000,,-120000000,,,,5389000000,,-294000000,-2468000000,-1068000000,,,,,,-14933000000,,-10529000000,,14645000000,,,8060000000,772000000,,-1000000,27557000000,,0,7652000000,1600000000,,,1448000000,,1517000000,1550000000,0,,64000000,7788000000,1584000000,20032000000,461000000,,62000000,,0,,,,-73000000,,,11662000000,330000000
2023-02-10,2022-12-31,,,,33914000000,11886000000,,,,,,1626000000,,-13000000,,,,8815000000,,1189000000,25902000000,-1391000000,,,,,,24509000000,,-33689000000,,21079000000,,,7514000000,-365000000,,15000000,29562000000,,0,3502000000,0,,,1565000000,,4175000000,1855000000,277000000,,56000000,23230000000,0,1892000000,-706000000,,26000000,,277000000,,,,627000000,,,18906000000,375000000
2024-02-09,2020-12-31,,,,32965000000,,,,,,,,,,,,,,,,,,,,,,,,,,,,,,,,,,,,,,,,,,,,,,,,,,,,,,,,,,,,,,,
2024-02-09,2021-12-31,,,,22028000000,-10937000000,,,,,,1695000000,,-120000000,,,,5389000000,,-294000000,-2468000000,-1068000000,,,,,,-14933000000,,-10529000000,,14645000000,,,8060000000,772000000,,-1000000,,27557000000,,7652000000,1600000000,,,1448000000,,1517000000,1550000000,0,,64000000,7788000000,1584000000,20032000000,461000000,,62000000,,0,,,,-73000000,,,11662000000,330000000
2024-02-09,2022-12-31,,,,33914000000,11886000000,,,,,,1626000000,,-13000000,,,,8815000000,,1189000000,25902000000,-1391000000,,,,,,24509000000,,-33689000000,,21079000000,,,7514000000,-365000000,,15000000,,29562000000,,3502000000,0,,,1565000000,,4175000000,1855000000,277000000,,56000000,23230000000,0,1892000000,-706000000,,26000000,,277000000,,,,627000000,,,18906000000,375000000
2024-02-09,2023-12-31,,,,46596000000,12682000000,,,,,,1651000000,,177000000,,,,5065000000,,1329000000,18915000000,1244000000,,,,,,18379000000,,-24433000000,,18559000000,,,8374000000,-664000000,,64000000,,25124000000,,3650000000,0,,,1780000000,,1572000000,1563000000,54000000,,28000000,15674000000,0,3888000000,-105000000,,2000000,,59000000,,,,880000000,,,10703000000,450000000
2025-02-07,2021-12-31,,,,22028000000,,,,,,,,,,,,,,,,,,,,,,,,,,,,,,,,,,,,,,,,,,,,,,,,,,,,,,,,,,,,,,,
2025-02-07,2022-12-31,,,,33914000000,11886000000,,,,,,1626000000,,-13000000,,,,8815000000,,1189000000,25902000000,-1391000000,,,,,,24509000000,,-33689000000,,21079000000,,,7514000000,-365000000,,,,29562000000,,3502000000,,,,1565000000,15000000,4175000000,1855000000,277000000,0,56000000,23230000000,,1892000000,-706000000,,26000000,,277000000,,,,627000000,,,18906000000,375000000
2025-02-07,2023-12-31,,,,46596000000,12682000000,,,,,,1651000000,,177000000,,,,5065000000,,1329000000,18915000000,1244000000,,,,,,18379000000,,-24433000000,,18559000000,,,8374000000,-664000000,,,,25124000000,,3650000000,,,,1780000000,64000000,1572000000,1563000000,54000000,0,28000000,15674000000,,3888000000,-105000000,,2000000,,59000000,,,,880000000,,,10703000000,450000000
2025-02-07,2024-12-01,,,,,,,,,,,,,,,,,,,,,,,,,,,,,,,,,,,,,,,,,,,,,,,,,,,,,,,,,,,,,,,-49000000,,,,
2025-02-07,2024-12-31,,,,40640000000,-5956000000,,,,,,1676000000,,-40000000,,,,-2897000000,,990000000,10305000000,-1007000000,,,,,,4436000000,,-24402000000,,14050000000,,,10129000000,564000000,,,,23259000000,,6020000000,,,,1999000000,454000000,1593000000,1911000000,0,594000000,100000000,12602000000,,2179000000,207000000,,42000000,,0,,,,774000000,,,10759000000,504000000
