FilingDate,PeriodEnd,AcquisitionsNetOfCashAcquiredAndProceedsFromDivestitureAndPurchasesOfIntangibleAndOtherAssets,AcquisitionsNetOfCashAcquiredAndProceedsReceivedFromDivestitureAndPurchasesOfIntangibleAndOtherAssets,AcquisitionsNetOfCashAcquiredAndPurchasesOfIntangibleAndOtherAssets,AcquisitionsNetofCashAcquiredAndPurchasesOfIntangibleandOtherAssets,AdjustmentsNoncashItemsToReconcileNetIncomeLossToCashProvidedByUsedInOperatingActivitiesOther,AmortizationAndImpairmentOfIntangibleAssets,AmortizationOfIntangibleAssets,AmortizationandImpairmentofIntangibleAssets,AmortizationandImpairmentofIntangibleandOtherAssets,BusinessCombinationStepAcquisitionEquityInterestInAcquireeRemeasurementGain,CapitalLeaseObligationsIncurred,CashAndCashEquivalentsAtCarryingValue,CashAndCashEquivalentsPeriodIncreaseDecrease,CashCashEquivalentsRestrictedCashAndRestrictedCashEquivalents,CashCashEquivalentsRestrictedCashAndRestrictedCashEquivalentsPeriodIncreaseDecreaseIncludingExchangeRateEffect,CashCollateralFromSecuritiesLending,CashCollateralReceivedFromReturnedFromSecuritiesLending,DebtAndEquitySecuritiesGainLoss,DeferredIncomeTaxExpenseBenefit,DeferredIncomeTaxesAndTaxCredits,Depreciation,DepreciationAndImpairmentOnDispositionOfPropertyAndEquipment,DepreciationandImpairmentonDispositionofPropertyandEquipment,DepreciationandLossonDispositionofPropertyPlantandEquipment,EffectOfExchangeRateOnCashAndCashEquivalents,EffectOfExchangeRateOnCashCashEquivalentsRestrictedCashAndRestrictedCashEquivalents,ExcessTaxBenefitFromShareBasedCompensationFinancingActivities,ExcessTaxBenefitFromShareBasedCompensationOperatingActivities,FairValueStockBasedAwardsAssumedInConnectionWithAcquisition,GainLossOnMarketableAndNonMarketableInvestmentsNet,GainLossOnSaleOfBusiness,GainLossonMarketableandNonmarketableInvestmentsNet,GainLossonSaleofBusinessIncludingDiscontinuedOperations,ImpairmentOfInvestments,IncomeTaxesPaid,IncomeTaxesPaidNet,IncreaseDecreaseInAccountsPayable,IncreaseDecreaseInAccountsReceivable,IncreaseDecreaseInAccruedLiabilities,IncreaseDecreaseInAccruedRevenueShare,IncreaseDecreaseInCollateralHeldUnderSecuritiesLending,IncreaseDecreaseInContractWithCustomerLiability,IncreaseDecreaseInDeferredRevenue,IncreaseDecreaseInIncomeTaxes,IncreaseDecreaseInIncomeTaxesNet,IncreaseDecreaseInInventories,IncreaseDecreaseInOtherOperatingAssets,IncreaseDecreaseInPrepaidRevenueShareExpensesAndOtherAssets,InterestPaid,InterestPaidNet,InvestmentsInMaturitiesOfReverseRepurchaseAgreements,InvestmentsInReverseRepurchaseAgreements,LeaseRecordedOnBalanceSheetDuringThePeriod,NetCashProvidedByUsedInFinancingActivities,NetCashProvidedByUsedInInvestingActivities,NetCashProvidedByUsedInOperatingActivities,NetIncomeLoss,NetProceedsPaymentsRelatedToStockBasedAwardActivities,NoncashOrPartNoncashDivestitureAmountOfConsiderationReceived1,OtherNoncashIncomeExpense,PaymentsForProceedsFromOtherInvestingActivities,PaymentsForRepurchaseOfCommonStock,PaymentsOfDividends,PaymentsToAcquireMarketableSecurities,PaymentsToAcquireOtherInvestments,PaymentsToAcquirePropertyPlantAndEquipment,PaymentsforParentCompanyTransaction,ProceedsFromCollectionOfNotesReceivable,ProceedsFromDebtNetOfIssuanceCosts,ProceedsFromDivestitureOfBusinesses,ProceedsFromMinorityShareholders,ProceedsFromPaymentsForSecuritiesPurchasedUnderAgreementsToResell,ProceedsFromSaleAndMaturityOfMarketableSecurities,ProceedsFromSaleAndMaturityOfOtherInvestments,ProceedsFromSaleOfPropertyPlantAndEquipment,ProceedsFromShortTermDebt,RealizedGainonNonmarketableEquityInvestment,RepaymentsOfDebt,RepaymentsOfDebtAndCapitalLeaseObligations,RepaymentsOfShortTermDebt,ShareBasedCompensation,StockIssuedVestedOptionsAssumed
12-02-2010,31-12-2006,,,,,,,,,,,,3544671000,,,,,,,,,,,,,,,,,,,,,,,,,,,,,,,,,,,,,,,,,,,,,,,,,,,,,,,,,,,,,,,,,,,,,,
12-02-2010,31-12-2007,,906651000,,,-39741000,,159915000,,,,,6081593000,2536922000,,,,,,-164212000,,807743000,,,,40034000,,379206000,379206000,,,,,,0,882688000,,70135000,837247000,418905000,150310000,,,70329000,,744802000,,,298689000,,,,,,403067000,-3681589000,5775410000,4203720000,-23861000,,,,,,15997060000,34511000,2402840000,,,,,,,15659473000,,,,,,,,868646000,
12-02-2010,31-12-2008,,3320299000,,,-31910000,,287650000,,,,,8656672000,2575079000,,,,,,-224645000,,1212237000,,,,-45923000,,159088000,159088000,,,,,,1094757000,1223985000,,-211539000,334464000,338907000,14000000,,,41433000,,626027000,,,147132000,,,,,,87567000,-5319422000,7852857000,4226858000,71521000,,,,,,15356304000,47154000,2358461000,,,,,,,15762796000,,,,,,,,1119766000,
12-02-2010,31-12-2009,,108024000,,,-20268000,,284278000,,,,,10197588000,1540916000,,,,,,-268060000,,1240030000,,,,10511000,,90271000,90271000,,,,,,0,1895966000,,33642000,504039000,243138000,157669000,,,76066000,,217476000,,,-262035000,,,,,,233412000,-8019205000,9316198000,6520448000,-143141000,,,,,,29139065000,65095000,809888000,,,,,,,22102867000,,,,,,,,1164054000,
11-02-2011,31-12-2007,,,,,,,,,,,,6082000000,,,,,,,,,,,,,,,,,,,,,,,,,,,,,,,,,,,,,,,,,,,,,,,,,,,,,,,,,,,,,,,,,,,,,,
11-02-2011,31-12-2008,,,,3320000000,-32000000,,288000000,,,,,8657000000,2575000000,,,0,,,-225000000,,1212000000,,,,-46000000,,159000000,159000000,,,,,,1095000000,1224000000,,-212000000,334000000,339000000,14000000,,,41000000,,626000000,,,147000000,,,,0,,87000000,-5319000000,7853000000,4227000000,72000000,,,,0,,15356000000,47000000,2359000000,,,,,,,15763000000,,,0,,,,0,1120000000,0
11-02-2011,31-12-2009,,,,108000000,-20000000,,284000000,,,,,10198000000,1541000000,,,0,,,-268000000,,1240000000,,,,11000000,,90000000,90000000,,,,,,0,1896000000,,34000000,504000000,243000000,158000000,,,76000000,,217000000,,,-262000000,,,,0,,233000000,-8019000000,9316000000,6520000000,-143000000,,,,0,,29139000000,65000000,810000000,,,,,,,22103000000,,,0,,,,0,1164000000,0
11-02-2011,31-12-2010,,,,1067000000,-12000000,,329000000,,,,,13630000000,3432000000,,,2361000000,,,9000000,,1067000000,,,,-19000000,,94000000,94000000,,,,,,0,2175000000,,272000000,1129000000,745000000,214000000,,,111000000,,102000000,,,414000000,,,,750000000,,3050000000,-10680000000,11081000000,8505000000,-294000000,,,,801000000,,43985000000,320000000,1100000000,,,,,,,37099000000,,,5246000000,,,,1783000000,1376000000,750000000
26-01-2012,31-12-2008,,,,,,,,,,,,8657000000,,,,,,,,,,,,,,,,,,,,,,,,,,,,,,,,,,,,,,,,,,,,,,,,,,,,,,,,,,,,,,,,,,,,,,
26-01-2012,31-12-2009,,,,108000000,,,284000000,,,,,10198000000,1541000000,,,,0,,-268000000,,1240000000,,,,11000000,,90000000,90000000,,,,,,0,1896000000,,34000000,504000000,243000000,158000000,,,76000000,217000000,,,,-262000000,0,,,0,,233000000,-8019000000,9316000000,6520000000,-143000000,,20000000,,0,,29139000000,65000000,810000000,,,0,,,,22103000000,,,,,0,,,1164000000,0
26-01-2012,31-12-2010,,,,1067000000,,,329000000,,,,,13630000000,3432000000,,,,2361000000,,9000000,,1067000000,,,,-19000000,,94000000,94000000,,,,,,0,2175000000,,272000000,1129000000,745000000,214000000,,,111000000,102000000,,,,414000000,0,,,750000000,,3050000000,-10680000000,11081000000,8505000000,-294000000,,12000000,,801000000,,43985000000,320000000,4018000000,,,5246000000,,,,37099000000,,,,,1783000000,,,1376000000,750000000
26-01-2012,31-12-2011,,,,1900000000,,,455000000,,,,,9983000000,-3647000000,,,,-354000000,,343000000,,1396000000,,,,22000000,,86000000,86000000,,,,,,110000000,1471000000,,101000000,1156000000,795000000,259000000,,,162000000,731000000,,,,262000000,40000000,,,-5000000,,807000000,-19041000000,14565000000,9737000000,5000000,,-6000000,,0,,61672000000,428000000,3438000000,,,10905000000,,,,48746000000,,,,,10179000000,,,1974000000,0
29-01-2013,31-12-2009,,,,,,,,,,,,10198000000,,,,,,,,,,,,,,,,,,,,,,,,,,,,,,,,,,,,,,,,,,,,,,,,,,,,,,,,,,,,,,,,,,,,,,
29-01-2013,31-12-2010,1067000000,,,,,,329000000,,,,,13630000000,3432000000,,,,2361000000,,9000000,,1067000000,,,,-19000000,,94000000,94000000,750000000,,0,,,0,2175000000,,272000000,1129000000,745000000,214000000,,,111000000,102000000,,0,,414000000,0,,-750000000,,,3050000000,-10680000000,11081000000,8505000000,-294000000,,12000000,,801000000,,43985000000,320000000,4018000000,,,5246000000,,,,37099000000,,,,,1783000000,,,1376000000,
29-01-2013,31-12-2011,1900000000,,,,,,455000000,,,,,9983000000,-3647000000,,,,-354000000,,343000000,,1396000000,,,,22000000,,86000000,86000000,0,,0,,,110000000,1471000000,,101000000,1156000000,795000000,259000000,,,162000000,731000000,,30000000,,232000000,40000000,,5000000,,,807000000,-19041000000,14565000000,9737000000,5000000,,-6000000,,0,,61672000000,428000000,3438000000,,,10905000000,,,,48746000000,,,,,10179000000,,,1974000000,
29-01-2013,31-12-2012,10568000000,,,,,,974000000,,,,,14778000000,4795000000,,,,-334000000,,-266000000,,1988000000,,,,3000000,,188000000,188000000,41000000,,188000000,,,0,2034000000,,-499000000,787000000,762000000,299000000,,,163000000,1492000000,,-301000000,,833000000,74000000,,45000000,,,1229000000,-13056000000,16619000000,10737000000,287000000,,28000000,,0,,33410000000,696000000,3273000000,,,16109000000,,,,35180000000,,,,,14781000000,,,2692000000,
11-02-2014,31-12-2010,,,,,,,,,,,,13630000000,,,,,,,,,,,,,,,,,,,,,,,,,,,,,,,,,,,,,,,,,,,,,,,,,,,,,,,,,,,,,,,,,,,,,,
11-02-2014,31-12-2011,,,1900000000,,,,455000000,,,,0,9983000000,-3647000000,,,,,,343000000,,1396000000,,,,22000000,,86000000,86000000,0,,,,0,110000000,1471000000,,101000000,1156000000,795000000,259000000,354000000,,162000000,731000000,,30000000,,232000000,40000000,,5000000,,,807000000,-19041000000,14565000000,9737000000,5000000,0,-6000000,,,,61672000000,428000000,3438000000,,,10905000000,0,,,48746000000,,,,,10179000000,,,1974000000,
11-02-2014,31-12-2012,,,10568000000,,,,974000000,,,,0,14778000000,4795000000,,,,,,-266000000,,1988000000,,,,3000000,,188000000,188000000,41000000,,,,188000000,0,2034000000,,-499000000,787000000,762000000,299000000,334000000,,163000000,1492000000,,-301000000,,833000000,74000000,,45000000,,,1229000000,-13056000000,16619000000,10737000000,287000000,0,28000000,,,,33410000000,696000000,3273000000,,,16109000000,0,,,35180000000,,,,,14781000000,,,2692000000,
11-02-2014,17-04-2013,,,,,,,,,,,,,,,,,,,,,,,,,,,,,,,,,,,,,,,,,,,,,,,,,,,,,,,,,,,,,,,,,,,,,,2238000000,,,,,,,,,,,,
11-02-2014,31-12-2013,,,1448000000,,,,1158000000,,,,258000000,18898000000,4120000000,,,,,,-437000000,,2781000000,,,,-3000000,,481000000,481000000,0,,,,700000000,0,1932000000,,605000000,1307000000,713000000,254000000,299000000,,233000000,401000000,,234000000,,696000000,72000000,,600000000,,,-857000000,-13679000000,18659000000,12920000000,781000000,175000000,-106000000,,,,45444000000,569000000,7358000000,,,10768000000,2525000000,,,38314000000,,,,,11325000000,,,3343000000,
11-02-2014,29-01-2014,,,,,,,,,,,,,,,,,,,,,,,,,,,,,,,,,,,,,,,,,,,,,,,,,,,,,,,,,,,,,,,,,,,,,,660000000,,,,,,,,,,,,
06-02-2015,31-12-2011,,,,,,,,,,,,9983000000,,,,,,,,,,,,,,,,,,,,,,,,,,,,,,,,,,,,,,,,,,,,,,,,,,,,,,,,,,,,,,,,,,,,,,
06-02-2015,31-12-2012,,,10568000000,,,,,,974000000,0,,14778000000,4795000000,,,,,,-266000000,,,,,1988000000,3000000,,188000000,188000000,41000000,,,,188000000,,2034000000,,-499000000,787000000,762000000,299000000,334000000,,163000000,1492000000,,,,532000000,74000000,,45000000,,0,1229000000,-13056000000,16619000000,10737000000,287000000,0,28000000,,,,33410000000,696000000,3273000000,,,16109000000,0,,,35180000000,,,,0,14781000000,,,2692000000,
06-02-2015,17-04-2013,,,,,,,,,,,,,,,,,,,,,,,,,,,,,,,,,,,,,,,,,,,,,,,,,,,,,,,,,,,,,,,,,,,,,,2238000000,,,,,,,,,,,,
06-02-2015,31-12-2013,,,1448000000,,,,,,1158000000,0,,18898000000,4120000000,,,,,,-437000000,,,,,2781000000,-3000000,,481000000,481000000,0,,,,700000000,,1932000000,,605000000,1307000000,713000000,254000000,299000000,,233000000,401000000,,,,930000000,72000000,,600000000,,258000000,-857000000,-13679000000,18659000000,12920000000,781000000,175000000,-106000000,,,,45444000000,569000000,7358000000,,,10768000000,2525000000,,,38314000000,,,,0,11325000000,,,3343000000,
06-02-2015,19-05-2014,,,,,,,,,,,,,,,,,,,,,,,,,,,,,,,,,,,,,,,,,,,,,,,,,,,,,,,,,,,,,,,,,,,,,,,,,,,,,,1000000000,,,,
06-02-2015,31-12-2014,,,4888000000,,,,,,1456000000,126000000,,18347000000,-551000000,,,,,,-104000000,,,,,3523000000,-433000000,,648000000,648000000,0,,,,740000000,,2819000000,,436000000,1641000000,757000000,245000000,-1403000000,,-175000000,283000000,,,,-459000000,86000000,,-775000000,,250000000,-1439000000,-21055000000,22376000000,14444000000,2069000000,0,-87000000,,,,56310000000,1227000000,10959000000,,,11625000000,386000000,,,51315000000,,,,159000000,11643000000,,,4279000000,
11-02-2016,31-12-2012,,,,,,,,,,,,14778000000,,,,,,,,,,,,,,,,,,,,,,,,,,,,,,,,,,,,,,,,,,,,,,,,,,,,,,,,,,,,,,,,,,,,,,
11-02-2016,17-04-2013,,,,,,,,,,,,,,,,,,,,,,,,,,,,,,,,,,,,,,,,,,,,,,,,,,,,,,,,,,,,,,,,,,,,,,2238000000,,,,,,,,,,,,
11-02-2016,31-12-2013,,,1448000000,,,,,,1158000000,,,18898000000,4120000000,,,,,,,-437000000,,,2781000000,,-3000000,,481000000,481000000,,,,166000000,700000000,,1932000000,,605000000,1307000000,713000000,254000000,299000000,,233000000,588000000,,,,930000000,72000000,,,600000000,,-857000000,-13679000000,18659000000,12733000000,781000000,,-272000000,,0,0,45444000000,569000000,7358000000,0,,10768000000,2525000000,,,38314000000,,,,,11325000000,,,3343000000,
11-02-2016,31-12-2014,,,4888000000,,,,,,1456000000,,,18347000000,-551000000,,,,,,,-104000000,,,3523000000,,-433000000,,648000000,648000000,,,,390000000,740000000,,2819000000,,436000000,1641000000,757000000,245000000,-1403000000,,-175000000,591000000,,,,-459000000,86000000,,,-775000000,,-1439000000,-21055000000,22376000000,14136000000,2069000000,,-192000000,,0,0,56310000000,1227000000,10959000000,0,,11625000000,386000000,,,51315000000,,,,,11643000000,,,4279000000,
11-02-2016,31-05-2015,,,,,,,,,,,,,,,,,,,,,,,,,,,,,,,,,,,,,,,,,,,,,,,,,,,,,,,,,,,,,,,47000000,,,,,,,,,,,,,,,,,,,
11-02-2016,31-12-2015,,,236000000,,,,,,931000000,,,16549000000,-1798000000,,,,,,,-179000000,,,4132000000,,-434000000,,548000000,548000000,,,,-334000000,0,,3338000000,,203000000,2094000000,1597000000,339000000,350000000,,43000000,-179000000,,,,318000000,96000000,,,425000000,,-3677000000,-23711000000,26024000000,16348000000,2375000000,,-212000000,,1780000000,47000000,74368000000,2172000000,9915000000,2543000000,,13705000000,0,,,62905000000,,,,,13728000000,,,5203000000,
02-02-2017,31-12-2013,,,,,,,,,,,,18898000000,,,,,,,,,,,,,,,,,,,,,,,,,,,,,,,,,,,,,,,,,,,,,,,,,,,,,,,,,,,,,,,,,,,,,,
02-02-2017,31-12-2014,,,4888000000,,,,,1456000000,,,,18347000000,-551000000,,,,,,,-104000000,,,3523000000,,-433000000,,,,,,,390000000,740000000,,,3138000000,436000000,1641000000,757000000,245000000,-1403000000,,-175000000,591000000,,,,-459000000,86000000,,,-775000000,,-2087000000,-21055000000,23024000000,14136000000,2069000000,,-192000000,,0,0,56310000000,1440000000,11014000000,,,11625000000,386000000,,,51315000000,213000000,55000000,,,11643000000,,,4279000000,
02-02-2017,31-12-2015,,,236000000,,,,,931000000,,,,16549000000,-1798000000,,,,,,,-179000000,,,4132000000,,-434000000,,,,,,,-334000000,0,,,3651000000,203000000,2094000000,1597000000,339000000,350000000,,43000000,-179000000,,,,318000000,96000000,,,425000000,,-4225000000,-23711000000,26572000000,16348000000,2375000000,,-212000000,,1780000000,47000000,74368000000,2326000000,9950000000,,,13705000000,0,,,62905000000,154000000,35000000,,,13728000000,,,5203000000,
02-02-2017,31-12-2016,,,986000000,,,,,877000000,,,,12918000000,-3631000000,,,,,,,-38000000,,,5267000000,,-170000000,,,,,,,-275000000,0,,,1643000000,110000000,2578000000,1515000000,593000000,2428000000,,223000000,3125000000,,,,-312000000,84000000,,,450000000,,-8332000000,-31165000000,36036000000,19478000000,3304000000,,-174000000,,3693000000,0,84509000000,1109000000,10212000000,,,8729000000,0,,,66895000000,494000000,240000000,,,10064000000,,,6703000000,
05-02-2018,31-12-2014,,,,,,,,,,,,18347000000,,,,,,,,,,,,,,,,,,,,,,,,,,,,,,,,,,,,,,,,,,,,,,,,,,,,,,,,,,,,,,,,,,,,,,
05-02-2018,31-12-2015,,,236000000,,,931000000,,,,,,16549000000,-1798000000,,,,,,,-179000000,,4132000000,,,-434000000,,,,,-334000000,,,,,,3651000000,203000000,2094000000,1597000000,339000000,350000000,,43000000,-179000000,,,318000000,,,96000000,,,,-4225000000,-23711000000,26572000000,16348000000,2375000000,,-212000000,,1780000000,47000000,74368000000,2326000000,9950000000,,0,13705000000,,0,425000000,62905000000,154000000,35000000,,,,13728000000,,5200000000,
05-02-2018,31-12-2016,,,986000000,,,877000000,,,,,,12918000000,-3631000000,,,,,,,-38000000,,5267000000,,,-170000000,,,,,-275000000,,,,,,1643000000,110000000,2578000000,1515000000,593000000,2428000000,,223000000,3125000000,,,-312000000,,,84000000,,,,-8332000000,-31165000000,36036000000,19478000000,3304000000,,-174000000,,3693000000,0,84509000000,1109000000,10212000000,,0,8729000000,,0,450000000,66895000000,494000000,240000000,,,,10064000000,,6703000000,
05-02-2018,28-02-2017,,,,,,,,,,,,,,,,,,,,,,,,,,,,,,,,,,,,,,,,,,,,,,,,,,,,,,,,,,,,,,,,,,,,,,,480000000,,,,,,,,,,,
05-02-2018,31-07-2017,,,,,,,,,,,,,,,,,,,,,,,,,,,,,,,,,,,,,,,,,,,,,,,,,,,,,,,,,,,,,,,,,,,,,,,320000000,,,,,,,,,,,
05-02-2018,31-12-2017,,,287000000,,,812000000,,,,,,10715000000,-2203000000,,,,,,,258000000,,6103000000,,,405000000,,,,,-194000000,,,,,,6191000000,731000000,3768000000,4891000000,955000000,0,,390000000,8211000000,,,2164000000,,,84000000,,,,-8298000000,-31401000000,37091000000,12662000000,4166000000,,-137000000,,4846000000,0,92195000000,1745000000,13184000000,,1419000000,4291000000,,800000000,0,73959000000,533000000,99000000,,,,4377000000,,7679000000,
04-02-2019,31-12-2015,,,,,,,,,,,,16549000000,,,,,,,,,,,,,,,,,,,,,,,,,,,,,,,,,,,,,,,,,,,,,,,,,,,,,,,,,,,,,,,,,,,,,,
04-02-2019,31-12-2016,,,986000000,,,877000000,,,,,,12918000000,-3631000000,,,,,-73000000,,-38000000,,5267000000,,,-170000000,,,,,,,,,,,1643000000,110000000,2578000000,1515000000,593000000,2428000000,223000000,,3125000000,,,-312000000,,,84000000,,,,-8332000000,-31165000000,36036000000,19478000000,3304000000,,-376000000,,3693000000,,84509000000,1109000000,10212000000,,0,8729000000,,0,450000000,66895000000,494000000,240000000,,,,10064000000,,6703000000,
04-02-2019,31-12-2017,,,287000000,,,812000000,,,,,,10715000000,-2203000000,,,,,-37000000,,258000000,,6103000000,,,405000000,,,,,,,,,,,6191000000,731000000,3768000000,4891000000,955000000,0,390000000,,8211000000,,,2164000000,,,84000000,,,,-8298000000,-31401000000,37091000000,12662000000,4166000000,,-294000000,,4846000000,,92195000000,1745000000,13184000000,,1419000000,4291000000,,800000000,0,73959000000,533000000,99000000,,,,4377000000,,7679000000,
04-02-2019,31-12-2018,,,1491000000,,,871000000,,,,,,16701000000,5986000000,,,,,6650000000,,778000000,,8164000000,,,-302000000,,,,,,,,,,,5671000000,1067000000,2169000000,8614000000,483000000,0,371000000,,-2251000000,,,1207000000,,,69000000,,,,-13179000000,-28504000000,47971000000,30736000000,4993000000,,189000000,,9075000000,,50158000000,2073000000,25139000000,,0,6766000000,,950000000,0,48507000000,1752000000,98000000,,,,6827000000,,9353000000,
03-02-2020,31-12-2016,,,,,,,,,,,,,,12918000000,,,,,,,,,,,,,,,,,,,,,,,,,,,,,,,,,,,,,,,,,,,,,,,,,,,,,,,,,,,,,,,,,,,,
03-02-2020,31-12-2017,,,287000000,,,812000000,,,,,,,,10715000000,-2203000000,,,-37000000,,258000000,,6103000000,,,,405000000,,,,,,,,,,6191000000,731000000,3768000000,4891000000,955000000,,390000000,,8211000000,,,2164000000,,,,,,,-8298000000,-31401000000,37091000000,12662000000,4166000000,,-294000000,-99000000,4846000000,,92195000000,1745000000,13184000000,,1419000000,4291000000,,800000000,,73959000000,533000000,,,,,4377000000,,7679000000,
03-02-2020,31-12-2018,,,1491000000,,,871000000,,,,,,,,16701000000,5986000000,,,6650000000,,778000000,,8164000000,,,,-302000000,,,,,,,,,,5671000000,1067000000,2169000000,8614000000,483000000,,371000000,,-2251000000,,,1207000000,,,,,,,-13179000000,-28504000000,47971000000,30736000000,4993000000,,189000000,-98000000,9075000000,,50158000000,2073000000,25139000000,,0,6766000000,,950000000,,48507000000,1752000000,,,,,6827000000,,9353000000,
03-02-2020,31-12-2019,,,2515000000,,,925000000,,,,,,,,18498000000,1797000000,,,2798000000,,173000000,,10856000000,,,,-23000000,,,,,,,,,,8203000000,428000000,4340000000,7170000000,1273000000,,37000000,,-3128000000,,,621000000,,,,,,,-23209000000,-29491000000,54520000000,34343000000,4765000000,,592000000,-589000000,18396000000,,1.00E+11,1932000000,23548000000,,0,317000000,,220000000,,97825000000,405000000,,,,,585000000,,10794000000,
01-02-2022,31-12-2018,,,,,,,,,,,,,,16701000000,,,,,,,,,,,,,,,,,,,,,,,,,,,,,,,,,,,,,,,,,,,,,,,,,,,,,,,,,,,,,,,,,,,,
01-02-2022,31-12-2019,,,2515000000,,,925000000,,,,,,,,18498000000,1797000000,,,2798000000,,173000000,,10856000000,,,,-23000000,,,,,,,,,,8203000000,428000000,4340000000,7170000000,1273000000,,37000000,,-3128000000,,,621000000,,,,,,,-23209000000,-29491000000,54520000000,34343000000,4765000000,,592000000,-589000000,18396000000,,1.00E+11,1932000000,23548000000,,,317000000,,220000000,,97825000000,405000000,,,,,585000000,,10794000000,
01-02-2022,31-12-2020,,,738000000,,,792000000,,,,,,,,26465000000,7967000000,,,6317000000,,1390000000,,12905000000,,,,24000000,,,,,,,,,,4990000000,694000000,6524000000,5504000000,1639000000,,635000000,,1209000000,,,1330000000,,,,,,,-24408000000,-32773000000,65124000000,40269000000,5720000000,,-1267000000,-68000000,31149000000,,1.37E+11,7175000000,22281000000,,,11761000000,,2800000000,,1.33E+11,1023000000,,,,,2100000000,,12991000000,
01-02-2022,31-12-2021,,,2618000000,,,886000000,,,,,,,,20945000000,-5520000000,,,12270000000,,1808000000,,11555000000,,,,-287000000,,,,,,,,,,13412000000,283000000,9095000000,7304000000,1682000000,,774000000,,-625000000,,,1846000000,,,,,,,-61362000000,-35523000000,91652000000,76033000000,10162000000,,213000000,-541000000,50274000000,,1.35E+11,2838000000,24640000000,,,20199000000,,310000000,,1.28E+11,934000000,,,,,21435000000,,15376000000,
02-02-2023,31-12-2019,,,,,,,,,,,,,,18498000000,,,,,,,,,,,,,,,,,,,,,,,,,,,,,,,,,,,,,,,,,,,,,,,,,,,,,,,,,,,,,,,,,,,,
02-02-2023,31-12-2020,,,738000000,,,792000000,,,,,,,,26465000000,7967000000,,,6317000000,,1390000000,,12905000000,,,,24000000,,,,,,,,,,4990000000,694000000,6524000000,5504000000,1639000000,,635000000,,1209000000,,,1330000000,,,,,,,-24408000000,-32773000000,65124000000,40269000000,5720000000,,-1267000000,-68000000,31149000000,,1.37E+11,7175000000,22281000000,,,11761000000,,2800000000,,1.33E+11,1023000000,,,,,2100000000,,12991000000,
02-02-2023,31-12-2021,,,2618000000,,,886000000,,,,,,,,20945000000,-5520000000,,,12270000000,,1808000000,,11555000000,,,,-287000000,,,,,,,,,,13412000000,283000000,9095000000,7304000000,1682000000,,774000000,,-625000000,,,1846000000,,,,,,,-61362000000,-35523000000,91652000000,76033000000,10162000000,,213000000,-541000000,50274000000,,1.35E+11,2838000000,24640000000,,,20199000000,,310000000,,1.28E+11,934000000,,,,,21435000000,,15376000000,
02-02-2023,31-12-2022,,,6969000000,,,641000000,,,,,,,,21879000000,934000000,,,-5519000000,,-8081000000,,15287000000,,,,-506000000,,,,,,,,,,18892000000,707000000,2317000000,3915000000,-445000000,,367000000,,584000000,,,5046000000,,,,,,,-69757000000,-20298000000,91495000000,59972000000,9300000000,,-1030000000,-1589000000,59296000000,,78874000000,2531000000,31485000000,,,52872000000,,35000000,,97822000000,150000000,,,,,54068000000,,19362000000,
30-01-2024,31-12-2020,,,,,,,,,,,,,,26465000000,,,,,,,,,,,,,,,,,,,,,,,,,,,,,,,,,,,,,,,,,,,,,,,,,,,,,,,,,,,,,,,,,,,,
30-01-2024,31-12-2021,,,2618000000,,,,,,,,,,,20945000000,-5520000000,,,12270000000,,1808000000,10273000000,,,,,-287000000,,,,,,,,,,13412000000,283000000,9095000000,7304000000,1682000000,,774000000,,-625000000,,,1846000000,,,,,,,-61362000000,-35523000000,91652000000,76033000000,10162000000,,-1955000000,-541000000,50274000000,,1.35E+11,2838000000,24640000000,,,20199000000,,310000000,,1.28E+11,934000000,,,,,21435000000,,15376000000,
30-01-2024,31-12-2022,,,6969000000,,,,,,,,,,,21879000000,934000000,,,-5519000000,,-8081000000,13475000000,,,,,-506000000,,,,,,,,,,18892000000,707000000,2317000000,3915000000,-445000000,,367000000,,584000000,,,5046000000,,,,,,,-69757000000,-20298000000,91495000000,59972000000,9300000000,,-3483000000,-1589000000,59296000000,,78874000000,2531000000,31485000000,,,52872000000,,35000000,,97822000000,150000000,,,,,54068000000,,19362000000,
30-01-2024,31-12-2023,,,495000000,,,,,,,,,,,24048000000,2169000000,,,-823000000,,-7763000000,11946000000,,,,,-421000000,,,,,,,,,,19164000000,664000000,7833000000,3937000000,482000000,,525000000,,523000000,,,2143000000,,,,,,,-72093000000,-27063000000,1.02E+11,73795000000,9837000000,,-4330000000,1051000000,61504000000,,77858000000,3027000000,32251000000,,,10790000000,,8000000,,86672000000,947000000,,,,,11550000000,,22460000000,
04-02-2025,31-12-2021,,,,,,,,,,,,,,20945000000,,,,,,,,,,,,,,,,,,,,,,,,,,,,,,,,,,,,,,,,,,,,,,,,,,,,,,,,,,,,,,,,,,,,
04-02-2025,31-12-2022,,,6969000000,,,,,,,,,,,21879000000,934000000,,,-5519000000,,-8081000000,13475000000,,,,,-506000000,,,,,,,,,,,707000000,2317000000,3915000000,-445000000,,367000000,,584000000,,,5046000000,,,,,,,-69757000000,-20298000000,91495000000,59972000000,9300000000,,-3483000000,-1589000000,59296000000,0,78874000000,2531000000,31485000000,,,52872000000,,35000000,,97822000000,150000000,,,,,54068000000,,19362000000,
04-02-2025,31-12-2023,,,495000000,,,,,,,,,,,24048000000,2169000000,,,-823000000,,-7763000000,11946000000,,,,,-421000000,,,,,,,,,,,664000000,7833000000,3937000000,482000000,,525000000,,523000000,,,2143000000,,,,,,,-72093000000,-27063000000,1.02E+11,73795000000,9837000000,,-4330000000,1051000000,61504000000,0,77858000000,3027000000,32251000000,,,10790000000,,8000000,,86672000000,947000000,,,,,11550000000,,22460000000,
04-02-2025,31-12-2024,,,2931000000,,,,,,,,,,,23466000000,-582000000,,,2671000000,,-5257000000,15311000000,,,,,-612000000,,,,,,,,,,,359000000,5891000000,-1161000000,1059000000,,1043000000,,-2418000000,,,1397000000,,,,,,,-79733000000,-45536000000,1.25E+11,1.00E+11,12190000000,,-3419000000,2667000000,62222000000,7363000000,86679000000,5034000000,52535000000,,,13589000000,,1154000000,,1.03E+11,882000000,,,,,12701000000,,22785000000,
